timestamp,CMSA-GAKH-01_0,CMSA-GAKH-01_180,CMSA-GAWW-11_120,CMSA-GAWW-11_300,CMSA-GAWW-12_115,CMSA-GAWW-12_295,CMSA-GAWW-13_120,CMSA-GAWW-13_300,CMSA-GAWW-14_40,CMSA-GAWW-14_220,CMSA-GAWW-15_30,CMSA-GAWW-15_210,CMSA-GAWW-16_30,CMSA-GAWW-16_210,CMSA-GAWW-17_40,CMSA-GAWW-17_220,CMSA-GAWW-19_115,CMSA-GAWW-19_295,CMSA-GAWW-20_120,CMSA-GAWW-20_300,CMSA-GAWW-21_120,CMSA-GAWW-21_300,CMSA-GAWW-23_109,CMSA-GAWW-23_289,GACM-04_50,GACM-04_230,GASA-01-A1_135,GASA-01-A1_315,GASA-01-A2_135,GASA-01-A2_315,GASA-01-B_135,GASA-01-B_315,GASA-01-C_135,GASA-01-C_315,GASA-02-01_135,GASA-02-01_315,GASA-02-02_135,GASA-02-02_315,GASA-03_105,GASA-03_285,GASA-04_135,GASA-04_315,GASA-05-O_135,GASA-05-O_315,GASA-05-W_135,GASA-05-W_315,GASA-06_95,GASA-06_275,GASA-06-B_95,GASA-06-B_275,GVCV-01_40,GVCV-01_220,GVCV-03_42,GVCV-03_222,GVCV-04_45,GVCV-04_225,GVCV-05-A_155,GVCV-05-A_335,GVCV-05-B_30,GVCV-05-B_210,GVCV-06_95,GVCV-06_275,GVCV-07_50,GVCV-07_230,GVCV-08_45,GVCV-08_225,GVCV-09_80,GVCV-09_260,GVCV-11_50,GVCV-11_230,GVCV-13_10,GVCV-13_190,GVCV-14_90,GVCV-14_270
2025-08-23 22:00:00,0.0,0.0,2.22,2.32,2.66,3.83,2.95,2.84,1.26,1.5,2.14,2.95,3.33,2.5,0.72,0.72,2.71,1.77,0.46,0.78,0.8,1.0,0.54,0.74,1.16,0.65,0.0,0.0,0.07,0.08,0.05,0.15,0.38,0.36,0.03,0.34,0.13,0.16,0.55,0.72,0.3,0.36,0.11,0.2,0.16,0.02,0.0,0.0,0.0,0.0,0.32,0.29,0.98,0.89,0.32,0.32,0.16,0.04,0.11,0.17,0.05,0.08,0.0,0.03,0.0,0.0,0.0,0.0,0.1,0.35,0.83,1.01,0.22,0.43
2025-08-23 22:03:00,0.0,0.0,1.98,2.06,2.32,3.52,2.65,2.55,1.14,1.43,1.84,2.59,3.05,2.24,0.6,0.63,2.43,1.6,0.29,0.6,0.68,0.88,0.49,0.67,1.01,0.55,0.0,0.0,0.0,0.0,0.01,0.08,0.3,0.33,0.0,0.17,0.01,0.1,0.41,0.54,0.23,0.27,0.05,0.14,0.1,0.0,0.0,0.0,0.0,0.0,0.27,0.26,0.9,0.84,0.26,0.27,0.11,0.0,0.08,0.16,0.03,0.06,0.0,0.01,0.0,0.0,0.0,0.0,0.05,0.28,0.8,0.95,0.18,0.36
2025-08-23 22:06:00,0.0,0.0,2.52,2.58,2.85,4.36,3.36,3.18,1.41,1.71,2.39,3.27,3.79,2.77,0.82,0.82,3.06,2.01,0.37,0.7,0.94,1.16,0.6,0.84,1.28,0.76,0.01,0.02,0.1,0.15,0.08,0.19,0.41,0.4,0.02,0.44,0.12,0.09,0.65,0.92,0.38,0.47,0.1,0.2,0.13,0.0,0.0,0.0,0.0,0.05,0.37,0.36,1.03,0.92,0.35,0.35,0.19,0.06,0.17,0.23,0.06,0.11,0.0,0.03,0.0,0.0,0.0,0.0,0.11,0.36,0.86,0.98,0.24,0.45
2025-08-23 22:09:00,0.0,0.0,2.89,2.98,3.36,4.84,3.81,3.63,1.58,1.81,2.85,3.82,4.22,3.18,0.98,0.96,3.5,2.26,0.6,0.94,1.09,1.32,0.67,0.94,1.5,0.91,0.06,0.08,0.23,0.28,0.14,0.29,0.52,0.44,0.06,0.68,0.28,0.17,0.83,1.2,0.47,0.59,0.18,0.28,0.2,0.05,0.0,0.0,0.0,0.07,0.45,0.4,1.13,0.98,0.42,0.42,0.25,0.14,0.21,0.24,0.09,0.13,0.03,0.06,0.0,0.0,0.0,0.0,0.17,0.46,0.9,1.06,0.3,0.55
2025-08-23 22:12:00,0.0,0.0,2.55,2.61,2.89,4.39,3.39,3.22,1.42,1.72,2.42,3.31,3.83,2.81,0.82,0.83,3.1,2.02,0.39,0.72,0.94,1.15,0.6,0.85,1.29,0.77,0.02,0.02,0.11,0.16,0.09,0.21,0.42,0.4,0.02,0.43,0.12,0.1,0.65,0.93,0.38,0.47,0.11,0.2,0.13,0.0,0.0,0.0,0.0,0.04,0.38,0.37,1.04,0.92,0.35,0.36,0.19,0.07,0.17,0.23,0.06,0.11,0.0,0.03,0.0,0.0,0.0,0.0,0.12,0.37,0.87,0.99,0.24,0.46
2025-08-23 22:15:00,0.0,0.0,2.17,2.21,2.4,3.89,2.86,2.73,1.24,1.58,1.92,2.69,3.34,2.37,0.67,0.7,2.64,1.75,0.19,0.51,0.79,1.0,0.52,0.73,1.09,0.65,0.0,0.0,0.01,0.06,0.05,0.13,0.32,0.36,0.0,0.22,0.0,0.03,0.5,0.67,0.32,0.37,0.05,0.15,0.08,0.0,0.0,0.0,0.0,0.02,0.3,0.32,0.94,0.87,0.29,0.29,0.13,0.0,0.14,0.23,0.04,0.09,0.0,0.01,0.0,0.0,0.0,0.0,0.07,0.28,0.84,0.92,0.19,0.35
2025-08-23 22:18:00,0.0,0.0,2.23,2.27,2.49,3.96,2.94,2.81,1.28,1.6,2.0,2.78,3.4,2.43,0.71,0.73,2.71,1.8,0.24,0.56,0.87,1.09,0.53,0.75,1.14,0.68,0.0,0.0,0.04,0.07,0.06,0.13,0.34,0.37,0.01,0.32,0.05,0.02,0.58,0.75,0.34,0.41,0.07,0.17,0.1,0.0,0.0,0.0,0.0,0.05,0.31,0.33,0.96,0.89,0.3,0.3,0.15,0.01,0.14,0.23,0.05,0.09,0.0,0.02,0.0,0.0,0.0,0.0,0.07,0.3,0.84,0.94,0.19,0.37
2025-08-23 22:21:00,0.0,0.0,2.3,2.34,2.56,4.07,3.02,2.88,1.29,1.62,2.07,2.87,3.5,2.51,0.72,0.75,2.8,1.84,0.26,0.57,0.82,1.03,0.55,0.77,1.16,0.71,0.0,0.0,0.05,0.11,0.06,0.17,0.36,0.38,0.01,0.26,0.05,0.07,0.54,0.75,0.35,0.4,0.08,0.17,0.1,0.0,0.0,0.0,0.0,0.02,0.33,0.33,0.98,0.89,0.31,0.32,0.15,0.02,0.16,0.23,0.05,0.1,0.0,0.02,0.0,0.0,0.0,0.0,0.09,0.31,0.86,0.95,0.22,0.39
2025-08-23 22:24:00,0.0,0.0,2.47,2.52,2.78,4.29,3.23,3.08,1.38,1.67,2.27,3.11,3.7,2.69,0.8,0.82,3.0,1.96,0.35,0.68,0.9,1.11,0.58,0.81,1.26,0.78,0.02,0.02,0.11,0.17,0.09,0.22,0.41,0.4,0.03,0.37,0.12,0.11,0.63,0.87,0.4,0.46,0.12,0.21,0.14,0.01,0.0,0.0,0.0,0.04,0.36,0.35,1.03,0.92,0.35,0.35,0.18,0.06,0.18,0.24,0.06,0.11,0.0,0.03,0.0,0.0,0.0,0.0,0.12,0.36,0.88,0.98,0.25,0.44
2025-08-23 22:27:00,0.0,0.0,2.34,2.4,2.67,4.07,3.08,2.94,1.31,1.6,2.17,2.99,3.52,2.58,0.75,0.76,2.84,1.87,0.35,0.67,0.84,1.05,0.56,0.77,1.19,0.71,0.0,0.0,0.07,0.11,0.07,0.17,0.38,0.38,0.02,0.33,0.1,0.11,0.57,0.78,0.34,0.41,0.1,0.19,0.13,0.0,0.0,0.0,0.0,0.02,0.34,0.33,1.0,0.9,0.33,0.33,0.16,0.04,0.15,0.21,0.05,0.1,0.0,0.03,0.0,0.0,0.0,0.0,0.1,0.34,0.85,0.98,0.23,0.42
2025-08-23 22:30:00,0.0,0.0,2.11,2.15,2.36,3.77,2.8,2.67,1.2,1.53,1.89,2.66,3.25,2.33,0.64,0.67,2.57,1.7,0.21,0.52,0.73,0.94,0.51,0.71,1.05,0.61,0.0,0.0,0.0,0.04,0.03,0.11,0.31,0.35,0.0,0.17,0.0,0.06,0.45,0.61,0.28,0.32,0.05,0.14,0.08,0.0,0.0,0.0,0.0,0.0,0.29,0.3,0.93,0.86,0.28,0.29,0.12,0.0,0.12,0.2,0.04,0.08,0.0,0.01,0.0,0.0,0.0,0.0,0.06,0.27,0.83,0.92,0.19,0.35
2025-08-23 22:33:00,0.0,0.0,2.52,2.61,2.96,4.3,3.31,3.18,1.42,1.66,2.42,3.28,3.73,2.78,0.85,0.84,3.07,2.0,0.49,0.83,1.0,1.22,0.6,0.83,1.33,0.79,0.03,0.04,0.15,0.17,0.1,0.21,0.44,0.4,0.05,0.55,0.22,0.12,0.74,0.97,0.41,0.5,0.15,0.24,0.18,0.03,0.0,0.0,0.0,0.06,0.38,0.35,1.05,0.94,0.37,0.37,0.21,0.09,0.16,0.22,0.07,0.1,0.02,0.05,0.0,0.0,0.0,0.0,0.13,0.39,0.86,1.04,0.25,0.47
2025-08-23 22:36:00,0.0,0.0,2.26,2.33,2.59,3.95,3.03,2.88,1.28,1.58,2.12,2.95,3.44,2.52,0.71,0.73,2.76,1.81,0.33,0.65,0.81,1.02,0.55,0.76,1.14,0.65,0.0,0.0,0.04,0.07,0.05,0.14,0.35,0.36,0.0,0.29,0.05,0.09,0.53,0.73,0.3,0.37,0.07,0.17,0.11,0.0,0.0,0.0,0.0,0.0,0.32,0.32,0.97,0.88,0.31,0.32,0.15,0.02,0.12,0.19,0.05,0.08,0.0,0.02,0.0,0.0,0.0,0.0,0.08,0.32,0.83,0.96,0.21,0.4
2025-08-23 22:39:00,0.0,0.0,2.39,2.48,2.82,4.1,3.19,3.06,1.38,1.61,2.32,3.16,3.57,2.65,0.8,0.79,2.91,1.92,0.45,0.78,1.03,1.25,0.58,0.8,1.27,0.71,0.02,0.03,0.11,0.09,0.08,0.13,0.4,0.38,0.04,0.6,0.18,0.04,0.75,0.94,0.36,0.47,0.12,0.22,0.17,0.0,0.0,0.0,0.0,0.08,0.35,0.34,1.01,0.92,0.33,0.33,0.2,0.06,0.11,0.2,0.06,0.09,0.02,0.04,0.0,0.0,0.0,0.0,0.09,0.36,0.82,1.02,0.2,0.44
2025-08-23 22:42:00,0.0,0.0,2.56,2.65,3.03,4.33,3.39,3.25,1.44,1.67,2.51,3.4,3.78,2.84,0.86,0.85,3.11,2.02,0.54,0.87,1.02,1.24,0.61,0.84,1.35,0.78,0.02,0.04,0.16,0.16,0.1,0.2,0.45,0.4,0.05,0.6,0.22,0.12,0.75,1.01,0.39,0.5,0.14,0.24,0.19,0.03,0.0,0.0,0.0,0.06,0.39,0.36,1.06,0.94,0.37,0.37,0.22,0.09,0.14,0.21,0.06,0.1,0.02,0.05,0.0,0.0,0.0,0.0,0.13,0.4,0.85,1.05,0.24,0.49
2025-08-23 22:45:00,0.0,0.0,2.2,2.28,2.6,3.8,3.0,2.85,1.25,1.53,2.16,2.99,3.35,2.5,0.69,0.69,2.68,1.77,0.39,0.72,0.79,0.99,0.54,0.74,1.11,0.58,0.0,0.0,0.02,0.03,0.03,0.09,0.34,0.34,0.0,0.32,0.05,0.1,0.5,0.7,0.24,0.32,0.06,0.15,0.11,0.0,0.0,0.0,0.0,0.0,0.31,0.29,0.96,0.86,0.29,0.3,0.15,0.01,0.08,0.16,0.04,0.07,0.0,0.02,0.0,0.0,0.0,0.0,0.07,0.32,0.79,0.97,0.19,0.41
2025-08-23 22:48:00,0.0,0.0,1.83,1.91,2.13,3.31,2.55,2.42,1.09,1.41,1.72,2.46,2.91,2.09,0.54,0.55,2.26,1.51,0.19,0.5,0.71,0.92,0.46,0.64,0.92,0.42,0.0,0.0,0.0,0.0,0.0,0.0,0.22,0.29,0.0,0.19,0.0,0.0,0.4,0.49,0.15,0.23,0.0,0.08,0.04,0.0,0.0,0.0,0.0,0.0,0.24,0.25,0.85,0.81,0.21,0.22,0.1,0.0,0.02,0.14,0.01,0.04,0.0,0.0,0.0,0.0,0.0,0.0,0.0,0.22,0.73,0.9,0.11,0.3
2025-08-23 22:51:00,0.0,0.0,2.46,2.58,2.99,4.14,3.34,3.18,1.39,1.61,2.51,3.42,3.66,2.8,0.82,0.8,3.0,1.95,0.59,0.92,0.94,1.15,0.6,0.82,1.29,0.69,0.0,0.0,0.12,0.12,0.07,0.16,0.42,0.38,0.03,0.55,0.19,0.15,0.67,0.92,0.31,0.42,0.12,0.22,0.18,0.02,0.0,0.0,0.0,0.01,0.37,0.32,1.04,0.91,0.35,0.36,0.2,0.08,0.1,0.16,0.06,0.08,0.01,0.04,0.0,0.0,0.0,0.0,0.11,0.4,0.82,1.05,0.23,0.49
2025-08-23 22:54:00,0.0,0.0,2.15,2.25,2.56,3.73,2.95,2.81,1.24,1.51,2.12,2.95,3.29,2.45,0.68,0.67,2.63,1.73,0.39,0.72,0.82,1.03,0.53,0.73,1.1,0.56,0.0,0.0,0.02,0.01,0.03,0.07,0.33,0.33,0.0,0.36,0.05,0.06,0.53,0.7,0.23,0.32,0.06,0.15,0.11,0.0,0.0,0.0,0.0,0.0,0.31,0.29,0.94,0.86,0.28,0.29,0.15,0.01,0.06,0.15,0.03,0.06,0.0,0.02,0.0,0.0,0.0,0.0,0.06,0.31,0.78,0.98,0.17,0.4
2025-08-23 22:57:00,0.05,0.0,3.09,3.22,3.74,5.06,4.0,3.87,1.72,1.83,3.12,4.09,4.39,3.38,1.12,1.07,3.75,2.4,0.83,1.18,1.34,1.57,0.71,0.98,1.7,1.05,0.13,0.16,0.36,0.36,0.19,0.35,0.62,0.47,0.12,1.08,0.51,0.19,1.13,1.49,0.58,0.74,0.27,0.37,0.31,0.13,0.0,0.0,0.11,0.14,0.49,0.43,1.2,1.04,0.48,0.47,0.31,0.21,0.22,0.26,0.1,0.14,0.06,0.09,0.0,0.0,0.0,0.0,0.22,0.53,0.92,1.16,0.32,0.61
2025-08-23 23:00:00,0.03,0.0,2.96,3.08,3.54,4.9,3.84,3.71,1.65,1.8,2.95,3.89,4.24,3.24,1.05,1.02,3.6,2.31,0.74,1.08,1.26,1.49,0.69,0.95,1.62,1.0,0.11,0.13,0.31,0.32,0.17,0.32,0.58,0.46,0.1,0.94,0.44,0.17,1.03,1.36,0.55,0.68,0.24,0.34,0.27,0.11,0.0,0.0,0.07,0.13,0.47,0.42,1.17,1.02,0.45,0.45,0.29,0.18,0.21,0.25,0.09,0.13,0.05,0.08,0.0,0.0,0.0,0.0,0.2,0.5,0.91,1.13,0.31,0.58
2025-08-23 23:03:00,0.05,0.0,3.06,3.19,3.7,5.03,3.96,3.84,1.7,1.83,3.08,4.05,4.36,3.35,1.1,1.06,3.72,2.38,0.81,1.16,1.32,1.55,0.71,0.98,1.69,1.04,0.13,0.15,0.35,0.35,0.19,0.34,0.61,0.47,0.12,1.05,0.5,0.18,1.11,1.46,0.58,0.73,0.27,0.36,0.3,0.12,0.0,0.0,0.1,0.14,0.49,0.43,1.2,1.04,0.47,0.47,0.31,0.21,0.22,0.26,0.1,0.14,0.06,0.09,0.0,0.0,0.0,0.0,0.22,0.53,0.92,1.15,0.32,0.61
2025-08-23 23:06:00,0.16,0.01,3.79,3.88,4.34,6.2,4.94,4.69,2.05,2.19,3.81,4.95,5.37,4.03,1.36,1.3,4.59,2.92,0.82,1.18,1.67,1.94,0.83,1.18,2.01,1.3,0.25,0.27,0.5,0.53,0.26,0.47,0.73,0.55,0.13,1.46,0.59,0.13,1.43,2.05,0.76,0.98,0.3,0.4,0.29,0.12,0.0,0.0,0.16,0.25,0.6,0.55,1.33,1.12,0.56,0.55,0.38,0.29,0.32,0.34,0.13,0.19,0.07,0.11,0.0,0.0,0.0,0.0,0.27,0.6,0.98,1.15,0.37,0.69
2025-08-23 23:09:00,0.11,0.0,3.37,3.43,3.76,5.65,4.42,4.18,1.85,2.08,3.27,4.32,4.88,3.59,1.18,1.14,4.08,2.64,0.58,0.93,1.47,1.73,0.75,1.08,1.76,1.12,0.2,0.2,0.35,0.39,0.21,0.37,0.61,0.51,0.09,1.09,0.4,0.06,1.18,1.68,0.65,0.83,0.22,0.32,0.21,0.06,0.0,0.0,0.08,0.21,0.53,0.51,1.23,1.06,0.48,0.48,0.31,0.2,0.28,0.33,0.11,0.17,0.05,0.08,0.0,0.0,0.0,0.0,0.21,0.5,0.94,1.07,0.31,0.59
2025-08-23 23:12:00,0.05,0.0,2.69,2.71,2.87,4.73,3.57,3.37,1.54,1.89,2.44,3.32,4.06,2.85,0.89,0.89,3.26,2.17,0.24,0.56,1.2,1.46,0.62,0.91,1.37,0.84,0.12,0.09,0.13,0.15,0.12,0.18,0.41,0.42,0.02,0.64,0.12,0.0,0.86,1.15,0.48,0.61,0.09,0.19,0.09,0.0,0.0,0.0,0.0,0.17,0.4,0.44,1.05,0.96,0.35,0.35,0.22,0.06,0.2,0.3,0.07,0.13,0.01,0.03,0.0,0.0,0.0,0.0,0.1,0.34,0.87,0.95,0.2,0.42
2025-08-23 23:15:00,0.0,0.0,2.88,2.97,3.33,4.85,3.87,3.67,1.62,1.85,2.87,3.85,4.25,3.16,0.99,0.96,3.51,2.28,0.56,0.9,1.24,1.48,0.67,0.95,1.51,0.88,0.09,0.1,0.22,0.22,0.14,0.23,0.5,0.43,0.05,0.86,0.28,0.06,0.94,1.29,0.47,0.63,0.16,0.26,0.18,0.02,0.0,0.0,0.04,0.13,0.45,0.42,1.13,0.99,0.4,0.4,0.26,0.13,0.17,0.24,0.08,0.12,0.03,0.06,0.0,0.0,0.0,0.0,0.15,0.44,0.87,1.05,0.25,0.53
2025-08-23 23:18:00,0.0,0.0,3.18,3.27,3.7,5.25,4.24,4.0,1.73,1.94,3.23,4.29,4.61,3.49,1.09,1.06,3.85,2.47,0.7,1.05,1.25,1.48,0.73,1.02,1.64,0.99,0.1,0.12,0.3,0.34,0.16,0.33,0.58,0.47,0.07,0.9,0.36,0.17,0.98,1.44,0.52,0.68,0.2,0.3,0.22,0.06,0.0,0.0,0.04,0.11,0.5,0.44,1.2,1.01,0.46,0.46,0.29,0.19,0.22,0.25,0.1,0.14,0.04,0.07,0.0,0.0,0.0,0.0,0.2,0.5,0.91,1.09,0.31,0.61
2025-08-23 23:21:00,0.0,0.0,2.97,3.06,3.44,4.97,3.98,3.77,1.65,1.88,2.98,3.99,4.36,3.26,1.02,0.98,3.61,2.34,0.59,0.94,1.22,1.46,0.69,0.97,1.54,0.91,0.09,0.1,0.24,0.26,0.14,0.26,0.52,0.45,0.06,0.85,0.29,0.1,0.94,1.33,0.48,0.64,0.17,0.27,0.19,0.03,0.0,0.0,0.03,0.12,0.46,0.43,1.14,0.99,0.42,0.42,0.27,0.15,0.19,0.25,0.09,0.13,0.03,0.06,0.0,0.0,0.0,0.0,0.16,0.46,0.88,1.06,0.27,0.55
2025-08-23 23:24:00,0.0,0.0,2.87,2.96,3.32,4.83,3.86,3.66,1.62,1.85,2.87,3.84,4.23,3.15,0.99,0.95,3.5,2.28,0.55,0.9,1.25,1.49,0.67,0.95,1.51,0.87,0.09,0.1,0.22,0.21,0.14,0.22,0.5,0.43,0.05,0.88,0.28,0.05,0.95,1.3,0.46,0.63,0.16,0.26,0.18,0.02,0.0,0.0,0.05,0.13,0.44,0.42,1.12,0.98,0.4,0.4,0.26,0.13,0.17,0.24,0.08,0.12,0.03,0.06,0.0,0.0,0.0,0.0,0.14,0.43,0.86,1.05,0.25,0.53
2025-08-23 23:27:00,0.07,0.0,2.87,2.94,3.28,4.86,3.73,3.58,1.62,1.84,2.73,3.64,4.18,3.08,1.0,0.98,3.48,2.26,0.52,0.86,1.28,1.52,0.66,0.94,1.54,0.96,0.13,0.13,0.26,0.26,0.16,0.27,0.52,0.45,0.08,0.86,0.33,0.05,1.01,1.31,0.55,0.68,0.19,0.29,0.21,0.05,0.0,0.0,0.05,0.16,0.45,0.43,1.12,1.0,0.42,0.41,0.27,0.14,0.21,0.28,0.09,0.13,0.04,0.06,0.0,0.0,0.0,0.0,0.16,0.44,0.9,1.06,0.26,0.51
2025-08-23 23:30:00,0.0,0.0,2.11,2.2,2.14,3.82,2.76,2.6,0.95,1.66,1.75,2.68,3.44,2.59,0.54,0.54,2.47,1.51,0.06,0.42,0.37,0.54,0.61,0.72,0.85,0.54,0.0,0.05,0.0,0.09,0.0,0.15,0.17,0.23,0.0,0.0,0.0,0.18,0.09,0.35,0.19,0.08,0.0,0.0,0.0,0.0,0.0,0.0,0.0,0.0,0.31,0.34,1.17,0.8,0.52,0.54,0.04,0.0,0.54,0.0,0.0,0.0,0.0,0.0,0.08,0.1,0.0,0.01,0.06,0.07,1.02,1.04,0.16,0.42
2025-08-23 23:33:00,0.0,0.0,2.3,2.4,2.38,4.07,2.99,2.82,1.03,1.73,1.97,2.95,3.68,2.81,0.62,0.61,2.69,1.63,0.16,0.53,0.43,0.6,0.65,0.78,0.96,0.62,0.0,0.08,0.0,0.17,0.0,0.21,0.22,0.25,0.0,0.0,0.0,0.24,0.16,0.46,0.24,0.14,0.0,0.0,0.0,0.0,0.0,0.0,0.0,0.0,0.35,0.36,1.24,0.83,0.57,0.59,0.07,0.0,0.57,0.0,0.0,0.0,0.0,0.0,0.09,0.1,0.0,0.01,0.09,0.12,1.05,1.09,0.2,0.48
2025-08-23 23:36:00,0.06,0.0,3.05,3.15,3.62,5.04,3.96,3.82,1.71,1.86,3.03,3.99,4.36,3.3,1.09,1.05,3.7,2.38,0.73,1.07,1.38,1.61,0.7,0.98,1.67,1.02,0.14,0.16,0.33,0.32,0.18,0.31,0.59,0.46,0.11,1.08,0.46,0.11,1.13,1.48,0.58,0.74,0.24,0.34,0.27,0.1,0.0,0.0,0.11,0.17,0.48,0.44,1.18,1.03,0.46,0.45,0.3,0.19,0.21,0.27,0.1,0.14,0.05,0.08,0.0,0.0,0.0,0.0,0.2,0.5,0.91,1.13,0.3,0.58
2025-08-23 23:39:00,0.04,0.0,3.07,3.16,3.6,5.08,3.98,3.82,1.69,1.87,3.03,4.0,4.4,3.33,1.08,1.05,3.72,2.39,0.7,1.04,1.27,1.5,0.7,0.98,1.64,1.03,0.12,0.14,0.32,0.35,0.18,0.34,0.59,0.47,0.1,0.92,0.41,0.17,1.03,1.41,0.57,0.7,0.23,0.33,0.25,0.1,0.0,0.0,0.06,0.13,0.48,0.43,1.19,1.03,0.46,0.46,0.29,0.19,0.23,0.27,0.1,0.14,0.05,0.08,0.0,0.0,0.0,0.0,0.21,0.5,0.92,1.11,0.32,0.59
2025-08-23 23:42:00,0.05,0.0,2.96,3.06,3.5,4.92,3.86,3.72,1.68,1.83,2.93,3.87,4.26,3.21,1.06,1.02,3.6,2.32,0.68,1.02,1.36,1.6,0.69,0.96,1.62,0.98,0.14,0.15,0.31,0.29,0.17,0.28,0.56,0.45,0.1,1.05,0.43,0.09,1.11,1.42,0.56,0.71,0.23,0.33,0.26,0.08,0.0,0.0,0.1,0.17,0.47,0.43,1.16,1.02,0.44,0.43,0.29,0.17,0.2,0.26,0.09,0.13,0.05,0.08,0.0,0.0,0.0,0.0,0.18,0.48,0.9,1.11,0.28,0.56
2025-08-23 23:45:00,0.13,0.0,3.77,3.89,4.48,6.06,4.86,4.66,2.02,2.1,3.87,5.0,5.27,4.06,1.37,1.31,4.56,2.87,1.0,1.36,1.58,1.83,0.83,1.16,2.04,1.32,0.22,0.25,0.54,0.58,0.27,0.51,0.77,0.55,0.15,1.43,0.68,0.25,1.39,2.0,0.75,0.95,0.34,0.44,0.35,0.17,0.0,0.0,0.16,0.2,0.61,0.52,1.35,1.12,0.58,0.57,0.39,0.32,0.31,0.31,0.14,0.18,0.08,0.11,0.0,0.0,0.0,0.0,0.3,0.65,0.99,1.21,0.4,0.73
2025-08-23 23:48:00,0.1,0.0,3.38,3.48,3.95,5.56,4.39,4.21,1.86,2.0,3.38,4.42,4.81,3.64,1.21,1.17,4.1,2.62,0.78,1.13,1.47,1.72,0.76,1.07,1.82,1.16,0.19,0.2,0.41,0.43,0.22,0.4,0.66,0.5,0.12,1.2,0.52,0.15,1.24,1.71,0.66,0.84,0.27,0.37,0.28,0.12,0.0,0.0,0.12,0.19,0.54,0.49,1.25,1.07,0.51,0.5,0.34,0.24,0.26,0.3,0.12,0.16,0.06,0.09,0.0,0.0,0.0,0.0,0.24,0.55,0.95,1.14,0.34,0.64
2025-08-23 23:51:00,0.14,0.0,3.67,3.79,4.36,5.93,4.74,4.56,2.0,2.08,3.76,4.85,5.14,3.95,1.34,1.27,4.45,2.82,0.96,1.32,1.64,1.89,0.81,1.14,2.01,1.28,0.23,0.25,0.51,0.52,0.26,0.46,0.74,0.54,0.15,1.5,0.68,0.19,1.43,1.99,0.74,0.95,0.34,0.43,0.34,0.16,0.0,0.0,0.18,0.23,0.59,0.51,1.33,1.12,0.56,0.54,0.38,0.3,0.29,0.31,0.13,0.18,0.08,0.12,0.0,0.0,0.0,0.0,0.28,0.62,0.97,1.2,0.38,0.71
2025-08-23 23:54:00,0.13,0.0,3.54,3.65,4.18,5.75,4.58,4.4,1.94,2.04,3.59,4.65,4.98,3.8,1.29,1.22,4.29,2.73,0.89,1.24,1.61,1.86,0.79,1.11,1.94,1.22,0.22,0.24,0.47,0.47,0.25,0.42,0.71,0.52,0.14,1.44,0.63,0.15,1.39,1.89,0.71,0.92,0.31,0.41,0.32,0.14,0.0,0.0,0.17,0.23,0.57,0.5,1.29,1.1,0.53,0.52,0.36,0.27,0.27,0.31,0.12,0.17,0.08,0.11,0.0,0.0,0.0,0.0,0.26,0.59,0.95,1.18,0.36,0.68
2025-08-23 23:57:00,0.0,0.0,1.75,1.89,2.28,3.04,2.46,2.38,1.04,1.25,1.83,2.58,2.72,2.1,0.54,0.52,2.17,1.43,0.49,0.81,0.66,0.83,0.45,0.59,0.93,0.37,0.0,0.0,0.0,0.0,0.0,0.0,0.26,0.27,0.0,0.26,0.03,0.11,0.38,0.45,0.09,0.17,0.04,0.13,0.14,0.0,0.0,0.0,0.0,0.0,0.23,0.19,0.85,0.8,0.22,0.23,0.11,0.0,0.0,0.06,0.01,0.01,0.0,0.01,0.0,0.0,0.0,0.0,0.01,0.28,0.7,1.0,0.13,0.37
2025-08-24 00:00:00,0.0,0.0,1.55,1.68,2.01,2.78,2.21,2.15,0.95,1.18,1.58,2.27,2.47,1.87,0.46,0.44,1.94,1.29,0.36,0.67,0.63,0.81,0.41,0.53,0.82,0.29,0.0,0.0,0.0,0.0,0.0,0.0,0.19,0.24,0.0,0.21,0.0,0.01,0.34,0.35,0.04,0.12,0.0,0.09,0.1,0.0,0.0,0.0,0.0,0.0,0.18,0.17,0.78,0.76,0.17,0.18,0.08,0.0,0.0,0.05,0.0,0.0,0.0,0.0,0.0,0.0,0.0,0.0,0.0,0.21,0.66,0.95,0.08,0.3
2025-08-24 00:03:00,0.0,0.0,1.16,1.25,1.44,2.28,1.72,1.65,0.72,1.05,1.08,1.67,2.01,1.42,0.25,0.27,1.47,1.0,0.04,0.33,0.39,0.56,0.3,0.41,0.54,0.12,0.0,0.0,0.0,0.0,0.0,0.0,0.04,0.17,0.0,0.0,0.0,0.0,0.08,0.05,0.0,0.0,0.0,0.0,0.0,0.0,0.0,0.0,0.0,0.0,0.08,0.11,0.65,0.67,0.07,0.09,0.0,0.0,0.0,0.03,0.0,0.0,0.0,0.0,0.0,0.0,0.0,0.0,0.0,0.08,0.61,0.82,0.0,0.16
2025-08-24 00:06:00,0.0,0.0,1.61,1.71,2.01,2.9,2.19,2.14,0.97,1.21,1.52,2.18,2.52,1.87,0.48,0.49,1.99,1.33,0.3,0.61,0.62,0.8,0.41,0.54,0.86,0.38,0.0,0.0,0.0,0.0,0.0,0.0,0.22,0.26,0.0,0.15,0.0,0.05,0.35,0.36,0.12,0.17,0.03,0.12,0.12,0.0,0.0,0.0,0.0,0.0,0.19,0.18,0.81,0.79,0.2,0.2,0.08,0.0,0.0,0.1,0.0,0.02,0.0,0.01,0.0,0.0,0.0,0.0,0.0,0.22,0.72,0.95,0.11,0.3
2025-08-24 00:09:00,0.0,0.0,1.88,2.0,2.39,3.25,2.52,2.47,1.1,1.29,1.85,2.57,2.84,2.17,0.6,0.6,2.31,1.52,0.5,0.81,0.73,0.91,0.47,0.62,1.03,0.51,0.0,0.0,0.0,0.0,0.01,0.04,0.31,0.31,0.03,0.32,0.12,0.14,0.48,0.54,0.19,0.26,0.09,0.19,0.19,0.01,0.0,0.0,0.0,0.0,0.25,0.22,0.89,0.84,0.26,0.26,0.13,0.0,0.02,0.12,0.03,0.04,0.0,0.03,0.0,0.0,0.0,0.0,0.06,0.31,0.76,1.02,0.17,0.38
2025-08-24 00:12:00,0.0,0.0,1.78,1.9,2.28,3.11,2.4,2.36,1.07,1.26,1.75,2.44,2.71,2.06,0.57,0.56,2.2,1.45,0.45,0.77,0.75,0.94,0.45,0.6,0.99,0.46,0.0,0.0,0.0,0.0,0.0,0.0,0.28,0.29,0.03,0.34,0.1,0.07,0.5,0.51,0.18,0.25,0.08,0.17,0.18,0.0,0.0,0.0,0.0,0.0,0.23,0.21,0.86,0.83,0.24,0.24,0.13,0.0,0.0,0.11,0.02,0.03,0.0,0.03,0.0,0.0,0.0,0.0,0.03,0.28,0.74,1.01,0.14,0.35
2025-08-24 00:15:00,0.0,0.0,1.92,2.02,2.35,3.36,2.63,2.53,1.12,1.37,1.89,2.64,2.95,2.21,0.6,0.59,2.36,1.56,0.39,0.7,0.74,0.94,0.48,0.65,1.0,0.48,0.0,0.0,0.0,0.0,0.0,0.02,0.29,0.3,0.0,0.29,0.04,0.07,0.46,0.56,0.18,0.26,0.05,0.14,0.12,0.0,0.0,0.0,0.0,0.0,0.26,0.24,0.89,0.83,0.25,0.26,0.12,0.0,0.02,0.12,0.02,0.04,0.0,0.02,0.0,0.0,0.0,0.0,0.03,0.28,0.75,0.98,0.15,0.37
2025-08-24 00:18:00,0.0,0.0,2.15,2.28,2.69,3.65,2.91,2.82,1.25,1.44,2.19,3.0,3.22,2.47,0.71,0.69,2.64,1.72,0.56,0.89,0.86,1.06,0.54,0.72,1.16,0.58,0.0,0.0,0.06,0.02,0.04,0.08,0.36,0.34,0.03,0.48,0.16,0.12,0.6,0.74,0.24,0.34,0.11,0.2,0.18,0.01,0.0,0.0,0.0,0.0,0.31,0.27,0.96,0.88,0.3,0.3,0.17,0.03,0.05,0.13,0.04,0.06,0.01,0.04,0.0,0.0,0.0,0.0,0.08,0.35,0.78,1.04,0.19,0.44
2025-08-24 00:21:00,0.0,0.0,2.35,2.51,3.01,3.91,3.17,3.09,1.37,1.5,2.48,3.33,3.45,2.7,0.82,0.78,2.89,1.87,0.74,1.07,1.02,1.22,0.58,0.78,1.31,0.67,0.0,0.01,0.15,0.08,0.08,0.12,0.44,0.36,0.07,0.73,0.3,0.15,0.77,0.94,0.31,0.44,0.16,0.26,0.25,0.05,0.0,0.0,0.05,0.04,0.36,0.3,1.02,0.92,0.34,0.35,0.22,0.09,0.06,0.14,0.05,0.07,0.03,0.06,0.0,0.0,0.0,0.0,0.11,0.41,0.79,1.1,0.22,0.5
2025-08-24 00:24:00,0.0,0.0,2.1,2.22,2.62,3.6,2.86,2.76,1.22,1.43,2.12,2.93,3.17,2.42,0.68,0.67,2.58,1.69,0.52,0.84,0.83,1.02,0.53,0.7,1.12,0.56,0.0,0.0,0.04,0.01,0.03,0.07,0.35,0.33,0.02,0.42,0.13,0.12,0.56,0.69,0.23,0.32,0.09,0.19,0.17,0.0,0.0,0.0,0.0,0.0,0.3,0.26,0.95,0.87,0.29,0.3,0.16,0.02,0.04,0.13,0.04,0.06,0.0,0.03,0.0,0.0,0.0,0.0,0.07,0.34,0.77,1.02,0.18,0.42
2025-08-24 00:27:00,0.0,0.0,1.84,2.0,2.45,3.13,2.59,2.5,1.08,1.26,1.99,2.77,2.82,2.22,0.58,0.55,2.28,1.49,0.62,0.94,0.68,0.85,0.48,0.62,0.98,0.4,0.0,0.0,0.0,0.0,0.0,0.0,0.29,0.28,0.01,0.33,0.09,0.18,0.41,0.5,0.1,0.19,0.06,0.15,0.17,0.0,0.0,0.0,0.0,0.0,0.25,0.19,0.88,0.81,0.24,0.26,0.13,0.0,0.0,0.05,0.02,0.02,0.0,0.02,0.0,0.0,0.0,0.0,0.03,0.32,0.71,1.03,0.15,0.41
2025-08-24 00:30:00,0.0,0.0,1.72,1.87,2.29,2.97,2.44,2.36,1.02,1.22,1.84,2.59,2.67,2.08,0.53,0.51,2.14,1.4,0.53,0.85,0.65,0.82,0.45,0.59,0.92,0.35,0.0,0.0,0.0,0.0,0.0,0.0,0.25,0.26,0.0,0.27,0.04,0.13,0.38,0.44,0.07,0.15,0.04,0.13,0.15,0.0,0.0,0.0,0.0,0.0,0.22,0.18,0.84,0.79,0.21,0.23,0.11,0.0,0.0,0.05,0.01,0.0,0.0,0.01,0.0,0.0,0.0,0.0,0.01,0.28,0.69,1.01,0.12,0.37
2025-08-24 00:33:00,0.0,0.0,1.64,1.77,2.13,2.87,2.32,2.24,0.96,1.19,1.7,2.43,2.58,1.99,0.47,0.47,2.03,1.34,0.43,0.75,0.55,0.72,0.43,0.56,0.84,0.31,0.0,0.0,0.0,0.0,0.0,0.0,0.22,0.25,0.0,0.13,0.0,0.13,0.28,0.34,0.04,0.1,0.01,0.1,0.11,0.0,0.0,0.0,0.0,0.0,0.2,0.16,0.81,0.76,0.19,0.21,0.08,0.0,0.0,0.04,0.0,0.0,0.0,0.0,0.0,0.0,0.0,0.0,0.0,0.25,0.68,0.97,0.11,0.34
2025-08-24 00:36:00,0.0,0.0,1.46,1.59,1.96,2.61,2.05,2.01,0.87,1.08,1.49,2.15,2.32,1.79,0.41,0.41,1.83,1.2,0.42,0.73,0.48,0.64,0.38,0.49,0.77,0.28,0.0,0.0,0.0,0.0,0.0,0.0,0.19,0.23,0.0,0.06,0.0,0.15,0.23,0.23,0.02,0.06,0.01,0.1,0.13,0.0,0.0,0.0,0.0,0.0,0.16,0.12,0.77,0.75,0.17,0.19,0.06,0.0,0.0,0.03,0.0,0.0,0.0,0.0,0.0,0.0,0.0,0.0,0.0,0.23,0.68,0.97,0.11,0.31
2025-08-24 00:39:00,0.0,0.0,1.35,1.48,1.82,2.46,1.92,1.89,0.82,1.04,1.36,2.0,2.18,1.66,0.37,0.37,1.7,1.12,0.35,0.66,0.48,0.64,0.36,0.46,0.71,0.23,0.0,0.0,0.0,0.0,0.0,0.0,0.16,0.21,0.0,0.05,0.0,0.08,0.22,0.19,0.0,0.04,0.0,0.08,0.11,0.0,0.0,0.0,0.0,0.0,0.14,0.12,0.73,0.73,0.14,0.16,0.05,0.0,0.0,0.02,0.0,0.0,0.0,0.0,0.0,0.0,0.0,0.0,0.0,0.19,0.65,0.95,0.07,0.27
2025-08-24 00:42:00,0.0,0.0,1.44,1.57,1.95,2.57,2.03,2.0,0.87,1.07,1.48,2.13,2.28,1.76,0.41,0.41,1.8,1.18,0.43,0.74,0.52,0.68,0.38,0.49,0.77,0.27,0.0,0.0,0.0,0.0,0.0,0.0,0.19,0.22,0.0,0.11,0.0,0.11,0.26,0.25,0.02,0.07,0.01,0.1,0.13,0.0,0.0,0.0,0.0,0.0,0.16,0.13,0.76,0.74,0.17,0.18,0.07,0.0,0.0,0.03,0.0,0.0,0.0,0.0,0.0,0.0,0.0,0.0,0.0,0.22,0.67,0.98,0.09,0.3
2025-08-24 00:45:00,0.0,0.0,2.19,2.34,2.85,3.66,2.9,2.86,1.27,1.39,2.26,3.05,3.2,2.52,0.76,0.73,2.69,1.74,0.74,1.07,0.91,1.1,0.55,0.72,1.24,0.65,0.0,0.0,0.13,0.07,0.07,0.13,0.42,0.35,0.08,0.6,0.3,0.21,0.69,0.8,0.29,0.39,0.18,0.27,0.27,0.08,0.0,0.0,0.03,0.01,0.32,0.26,0.99,0.9,0.33,0.33,0.2,0.08,0.06,0.13,0.05,0.06,0.02,0.06,0.0,0.0,0.0,0.0,0.11,0.4,0.8,1.11,0.22,0.48
2025-08-24 00:48:00,0.0,0.0,2.0,2.14,2.59,3.41,2.67,2.63,1.18,1.33,2.02,2.77,2.98,2.31,0.68,0.66,2.46,1.61,0.6,0.93,0.85,1.04,0.51,0.66,1.13,0.57,0.0,0.0,0.06,0.0,0.04,0.07,0.36,0.32,0.06,0.49,0.21,0.14,0.61,0.68,0.24,0.33,0.13,0.22,0.23,0.04,0.0,0.0,0.0,0.0,0.28,0.24,0.93,0.87,0.29,0.29,0.17,0.03,0.03,0.13,0.04,0.05,0.01,0.05,0.0,0.0,0.0,0.0,0.08,0.35,0.77,1.06,0.18,0.42
2025-08-24 00:51:00,0.0,0.0,2.13,2.29,2.82,3.56,2.83,2.81,1.28,1.37,2.22,2.98,3.11,2.44,0.76,0.72,2.62,1.71,0.76,1.08,1.04,1.24,0.54,0.7,1.25,0.62,0.0,0.01,0.14,0.02,0.07,0.07,0.41,0.34,0.09,0.79,0.34,0.11,0.81,0.86,0.29,0.42,0.18,0.27,0.29,0.07,0.0,0.0,0.1,0.06,0.32,0.26,0.97,0.91,0.32,0.31,0.21,0.07,0.02,0.13,0.05,0.05,0.03,0.07,0.0,0.0,0.0,0.0,0.1,0.39,0.77,1.12,0.18,0.46
2025-08-24 00:54:00,0.0,0.0,1.94,2.08,2.51,3.32,2.59,2.56,1.16,1.31,1.95,2.68,2.9,2.23,0.65,0.63,2.39,1.57,0.57,0.89,0.86,1.06,0.49,0.65,1.1,0.54,0.0,0.0,0.05,0.0,0.03,0.04,0.34,0.31,0.05,0.5,0.19,0.1,0.62,0.65,0.23,0.32,0.12,0.21,0.22,0.03,0.0,0.0,0.01,0.01,0.27,0.24,0.91,0.86,0.28,0.28,0.16,0.02,0.01,0.12,0.03,0.04,0.01,0.04,0.0,0.0,0.0,0.0,0.06,0.33,0.76,1.06,0.16,0.4
2025-08-24 00:57:00,0.04,0.0,2.98,3.06,3.41,5.02,3.97,3.78,1.7,1.91,2.94,3.91,4.36,3.22,1.05,1.0,3.62,2.36,0.54,0.89,1.41,1.67,0.69,0.98,1.59,0.93,0.15,0.15,0.26,0.24,0.16,0.23,0.52,0.45,0.07,1.05,0.33,0.0,1.1,1.45,0.53,0.71,0.18,0.28,0.19,0.02,0.0,0.0,0.09,0.19,0.47,0.46,1.14,1.01,0.42,0.41,0.29,0.14,0.19,0.27,0.09,0.13,0.04,0.07,0.0,0.0,0.0,0.0,0.15,0.44,0.88,1.06,0.24,0.53
2025-08-24 01:00:00,0.08,0.0,3.6,3.72,4.24,5.84,4.74,4.51,1.96,2.09,3.71,4.84,5.11,3.9,1.29,1.22,4.36,2.77,0.88,1.24,1.58,1.84,0.8,1.13,1.92,1.18,0.2,0.23,0.45,0.46,0.23,0.41,0.7,0.52,0.12,1.4,0.57,0.15,1.33,1.9,0.67,0.89,0.28,0.38,0.29,0.12,0.0,0.0,0.15,0.21,0.58,0.51,1.3,1.09,0.53,0.52,0.36,0.27,0.26,0.29,0.12,0.17,0.07,0.1,0.0,0.0,0.0,0.0,0.25,0.59,0.94,1.16,0.35,0.68
2025-08-24 01:03:00,0.12,0.0,3.94,4.09,4.74,6.28,5.17,4.94,2.13,2.17,4.19,5.38,5.49,4.26,1.45,1.35,4.78,3.01,1.11,1.48,1.8,2.07,0.86,1.22,2.15,1.33,0.26,0.29,0.58,0.56,0.28,0.48,0.8,0.56,0.16,1.82,0.77,0.19,1.59,2.26,0.77,1.03,0.36,0.45,0.37,0.17,0.0,0.0,0.24,0.25,0.64,0.55,1.38,1.14,0.59,0.58,0.42,0.34,0.29,0.31,0.14,0.19,0.09,0.13,0.0,0.0,0.0,0.0,0.29,0.67,0.97,1.23,0.39,0.77
2025-08-24 01:06:00,0.14,0.0,4.18,4.42,5.33,6.47,5.47,5.31,2.29,2.17,4.68,5.91,5.68,4.56,1.62,1.46,5.1,3.17,1.54,1.9,2.13,2.39,0.92,1.27,2.41,1.43,0.31,0.37,0.75,0.63,0.33,0.51,0.91,0.58,0.23,2.58,1.1,0.22,1.99,2.68,0.84,1.18,0.46,0.55,0.5,0.25,0.0,0.0,0.4,0.32,0.69,0.56,1.45,1.2,0.64,0.62,0.5,0.42,0.27,0.3,0.16,0.19,0.13,0.17,0.0,0.0,0.0,0.0,0.34,0.77,0.96,1.35,0.41,0.87
2025-08-24 01:09:00,0.14,0.0,4.35,4.58,5.52,6.71,5.67,5.47,2.32,2.21,4.87,6.15,5.9,4.75,1.66,1.51,5.29,3.27,1.6,1.95,2.02,2.28,0.94,1.3,2.45,1.5,0.3,0.36,0.77,0.71,0.34,0.58,0.95,0.6,0.22,2.4,1.1,0.31,1.9,2.69,0.86,1.18,0.47,0.57,0.5,0.27,0.0,0.0,0.36,0.28,0.71,0.56,1.49,1.21,0.67,0.65,0.49,0.45,0.3,0.3,0.16,0.2,0.12,0.17,0.0,0.0,0.0,0.0,0.37,0.8,0.99,1.35,0.46,0.91
2025-08-24 01:12:00,0.14,0.0,4.53,4.75,5.74,6.94,5.88,5.66,2.37,2.25,5.08,6.42,6.11,4.95,1.71,1.56,5.49,3.37,1.68,2.03,1.99,2.25,0.97,1.34,2.52,1.57,0.3,0.37,0.82,0.79,0.35,0.64,0.99,0.62,0.23,2.37,1.14,0.38,1.89,2.76,0.89,1.2,0.5,0.59,0.51,0.29,0.0,0.0,0.34,0.26,0.74,0.57,1.53,1.22,0.7,0.68,0.5,0.48,0.33,0.3,0.17,0.21,0.12,0.17,0.0,0.0,0.0,0.0,0.4,0.84,1.02,1.37,0.49,0.95
2025-08-24 01:15:00,0.05,0.0,4.24,4.53,5.57,6.45,5.68,5.48,2.31,2.15,5.01,6.34,5.76,4.73,1.64,1.45,5.18,3.21,1.77,2.12,2.11,2.37,0.94,1.29,2.42,1.36,0.27,0.35,0.75,0.6,0.31,0.47,0.92,0.57,0.21,2.73,1.12,0.26,1.97,2.72,0.76,1.13,0.45,0.55,0.51,0.24,0.0,0.0,0.43,0.28,0.7,0.54,1.46,1.18,0.65,0.63,0.51,0.43,0.22,0.25,0.15,0.17,0.13,0.17,0.0,0.0,0.0,0.0,0.34,0.8,0.93,1.38,0.4,0.92
2025-08-24 01:18:00,0.0,0.0,3.57,3.74,4.41,5.65,4.81,4.56,1.92,2.0,3.94,5.14,5.04,3.99,1.28,1.19,4.33,2.73,1.12,1.48,1.47,1.71,0.81,1.12,1.9,1.09,0.13,0.18,0.45,0.43,0.21,0.38,0.71,0.5,0.12,1.4,0.6,0.26,1.23,1.82,0.57,0.8,0.29,0.38,0.32,0.13,0.0,0.0,0.16,0.13,0.57,0.46,1.3,1.07,0.53,0.53,0.36,0.28,0.21,0.23,0.12,0.15,0.07,0.11,0.0,0.0,0.0,0.0,0.25,0.63,0.91,1.2,0.36,0.74
2025-08-24 01:21:00,0.0,0.0,3.82,4.02,4.8,5.97,5.13,4.88,2.04,2.07,4.3,5.57,5.34,4.28,1.39,1.28,4.65,2.9,1.31,1.67,1.58,1.82,0.86,1.18,2.06,1.19,0.16,0.22,0.54,0.52,0.24,0.45,0.78,0.53,0.14,1.63,0.72,0.31,1.38,2.05,0.63,0.88,0.34,0.43,0.37,0.17,0.0,0.0,0.2,0.15,0.62,0.49,1.37,1.1,0.58,0.58,0.4,0.34,0.23,0.23,0.13,0.16,0.08,0.12,0.0,0.0,0.0,0.0,0.29,0.69,0.93,1.25,0.39,0.81
2025-08-24 01:24:00,0.0,0.0,3.44,3.61,4.25,5.47,4.64,4.41,1.88,1.96,3.78,4.94,4.88,3.84,1.24,1.14,4.18,2.65,1.06,1.42,1.49,1.73,0.79,1.09,1.85,1.04,0.13,0.17,0.42,0.38,0.2,0.34,0.67,0.49,0.11,1.42,0.57,0.2,1.24,1.77,0.55,0.78,0.27,0.37,0.31,0.11,0.0,0.0,0.17,0.15,0.55,0.46,1.27,1.05,0.5,0.5,0.35,0.26,0.19,0.22,0.11,0.14,0.07,0.1,0.0,0.0,0.0,0.0,0.23,0.6,0.89,1.19,0.33,0.71
2025-08-24 01:27:00,0.11,0.0,4.25,4.47,5.37,6.57,5.59,5.38,2.29,2.2,4.77,6.06,5.8,4.65,1.61,1.46,5.17,3.21,1.52,1.88,2.02,2.28,0.93,1.29,2.38,1.43,0.29,0.35,0.73,0.65,0.32,0.52,0.91,0.58,0.2,2.38,1.03,0.26,1.87,2.63,0.82,1.14,0.44,0.53,0.47,0.24,0.0,0.0,0.35,0.28,0.7,0.56,1.46,1.19,0.65,0.63,0.49,0.42,0.28,0.29,0.15,0.19,0.12,0.16,0.0,0.0,0.0,0.0,0.34,0.77,0.97,1.33,0.42,0.88
2025-08-24 01:30:00,0.08,0.0,3.94,4.12,4.87,6.2,5.2,4.98,2.13,2.13,4.31,5.53,5.46,4.31,1.46,1.35,4.78,3.0,1.26,1.62,1.78,2.04,0.87,1.21,2.16,1.3,0.23,0.28,0.6,0.56,0.28,0.47,0.81,0.55,0.17,1.88,0.81,0.24,1.59,2.25,0.73,1.01,0.37,0.47,0.39,0.19,0.0,0.0,0.26,0.23,0.64,0.53,1.39,1.14,0.59,0.58,0.43,0.35,0.26,0.28,0.14,0.18,0.09,0.13,0.0,0.0,0.0,0.0,0.3,0.7,0.95,1.26,0.39,0.8
2025-08-24 01:33:00,0.05,0.0,3.61,3.76,4.37,5.77,4.78,4.56,1.97,2.05,3.84,4.99,5.08,3.95,1.31,1.22,4.38,2.77,1.03,1.39,1.6,1.85,0.81,1.13,1.95,1.17,0.19,0.22,0.48,0.46,0.23,0.4,0.72,0.52,0.13,1.52,0.63,0.19,1.37,1.93,0.65,0.88,0.3,0.4,0.33,0.14,0.0,0.0,0.19,0.2,0.58,0.5,1.31,1.09,0.54,0.53,0.38,0.28,0.24,0.27,0.12,0.16,0.07,0.11,0.0,0.0,0.0,0.0,0.25,0.62,0.93,1.2,0.35,0.72
2025-08-24 01:36:00,0.06,0.0,3.35,3.54,4.25,5.33,4.38,4.28,1.9,1.89,3.61,4.64,4.66,3.68,1.28,1.17,4.09,2.6,1.15,1.5,1.71,1.95,0.77,1.06,1.94,1.13,0.2,0.24,0.5,0.39,0.24,0.34,0.71,0.49,0.17,1.78,0.77,0.15,1.51,1.9,0.65,0.89,0.35,0.44,0.4,0.17,0.0,0.0,0.28,0.23,0.55,0.46,1.27,1.09,0.52,0.5,0.39,0.28,0.19,0.25,0.12,0.14,0.09,0.13,0.0,0.0,0.0,0.0,0.24,0.61,0.9,1.25,0.32,0.7
2025-08-24 01:39:00,0.03,0.0,3.16,3.31,3.91,5.1,4.13,4.01,1.77,1.84,3.3,4.31,4.46,3.47,1.16,1.09,3.84,2.45,0.96,1.31,1.45,1.69,0.73,1.01,1.77,1.05,0.14,0.18,0.4,0.35,0.2,0.32,0.64,0.47,0.13,1.31,0.58,0.17,1.24,1.61,0.58,0.77,0.29,0.38,0.33,0.13,0.0,0.0,0.16,0.16,0.51,0.44,1.22,1.05,0.49,0.48,0.34,0.23,0.19,0.24,0.1,0.13,0.07,0.1,0.0,0.0,0.0,0.0,0.22,0.56,0.9,1.19,0.31,0.64
2025-08-24 01:42:00,0.0,0.0,2.93,3.06,3.57,4.81,3.85,3.72,1.66,1.78,3.0,3.95,4.2,3.23,1.05,1.0,3.57,2.3,0.79,1.13,1.33,1.56,0.69,0.95,1.62,0.95,0.11,0.13,0.31,0.27,0.17,0.27,0.57,0.44,0.1,1.08,0.45,0.13,1.09,1.4,0.52,0.68,0.24,0.33,0.28,0.1,0.0,0.0,0.11,0.14,0.46,0.41,1.16,1.01,0.44,0.43,0.3,0.18,0.17,0.23,0.09,0.12,0.05,0.08,0.0,0.0,0.0,0.0,0.18,0.5,0.88,1.14,0.28,0.58
2025-08-24 01:45:00,0.0,0.0,2.36,2.48,2.9,3.99,3.14,3.05,1.38,1.55,2.36,3.18,3.48,2.64,0.82,0.79,2.89,1.89,0.58,0.91,1.09,1.3,0.58,0.78,1.31,0.7,0.02,0.04,0.14,0.08,0.09,0.12,0.42,0.37,0.06,0.74,0.27,0.06,0.82,0.97,0.35,0.48,0.15,0.25,0.22,0.03,0.0,0.0,0.05,0.08,0.36,0.33,1.01,0.93,0.34,0.34,0.22,0.07,0.08,0.18,0.06,0.08,0.03,0.05,0.0,0.0,0.0,0.0,0.1,0.38,0.81,1.07,0.2,0.46
2025-08-24 01:48:00,0.0,0.0,2.66,2.82,3.35,4.37,3.52,3.44,1.54,1.64,2.77,3.67,3.83,2.98,0.96,0.91,3.25,2.1,0.81,1.16,1.26,1.48,0.64,0.87,1.51,0.83,0.07,0.1,0.26,0.18,0.13,0.2,0.52,0.41,0.1,1.03,0.43,0.12,1.02,1.24,0.44,0.6,0.22,0.31,0.29,0.09,0.0,0.0,0.12,0.11,0.42,0.36,1.1,0.98,0.4,0.4,0.28,0.15,0.11,0.19,0.08,0.09,0.05,0.08,0.0,0.0,0.0,0.0,0.15,0.47,0.84,1.14,0.24,0.55
2025-08-24 01:51:00,0.0,0.0,2.94,3.12,3.74,4.74,3.87,3.77,1.66,1.72,3.13,4.1,4.16,3.29,1.08,1.01,3.59,2.29,1.0,1.34,1.34,1.56,0.7,0.94,1.67,0.95,0.09,0.13,0.35,0.29,0.17,0.28,0.61,0.44,0.13,1.2,0.56,0.21,1.13,1.43,0.5,0.68,0.28,0.37,0.34,0.14,0.0,0.0,0.16,0.12,0.47,0.39,1.17,1.02,0.46,0.45,0.31,0.21,0.15,0.2,0.09,0.12,0.06,0.1,0.0,0.0,0.0,0.0,0.2,0.54,0.87,1.19,0.3,0.63
2025-08-24 01:54:00,0.0,0.0,2.83,2.99,3.57,4.61,3.73,3.63,1.61,1.69,2.98,3.92,4.04,3.17,1.03,0.97,3.46,2.22,0.91,1.25,1.26,1.48,0.67,0.91,1.59,0.9,0.07,0.11,0.31,0.25,0.15,0.26,0.57,0.43,0.11,1.07,0.49,0.19,1.04,1.33,0.47,0.63,0.25,0.34,0.32,0.12,0.0,0.0,0.12,0.11,0.45,0.37,1.15,1.0,0.43,0.43,0.29,0.18,0.14,0.2,0.09,0.11,0.05,0.09,0.0,0.0,0.0,0.0,0.19,0.51,0.86,1.17,0.29,0.6
2025-08-24 01:57:00,0.0,0.0,2.69,2.82,3.21,4.47,3.9,3.59,1.5,1.78,2.96,4.07,4.1,3.12,0.86,0.81,3.29,2.15,0.59,0.94,1.0,1.23,0.65,0.91,1.31,0.6,0.0,0.0,0.09,0.07,0.05,0.1,0.41,0.38,0.0,0.66,0.1,0.09,0.66,1.05,0.23,0.41,0.06,0.15,0.1,0.0,0.0,0.0,0.0,0.01,0.41,0.35,1.06,0.89,0.33,0.36,0.21,0.07,0.06,0.13,0.05,0.08,0.0,0.03,0.0,0.0,0.0,0.0,0.08,0.39,0.76,1.0,0.2,0.53
2025-08-24 02:00:00,0.0,0.0,2.82,2.96,3.4,4.64,4.07,3.76,1.56,1.82,3.15,4.28,4.26,3.27,0.92,0.86,3.45,2.24,0.68,1.03,1.08,1.31,0.68,0.95,1.39,0.65,0.0,0.01,0.14,0.11,0.07,0.12,0.44,0.39,0.0,0.79,0.16,0.1,0.74,1.17,0.26,0.46,0.08,0.18,0.13,0.0,0.0,0.0,0.02,0.03,0.43,0.37,1.1,0.92,0.36,0.38,0.23,0.1,0.07,0.14,0.06,0.09,0.01,0.04,0.0,0.0,0.0,0.0,0.1,0.43,0.77,1.03,0.21,0.57
2025-08-24 02:03:00,0.0,0.0,2.92,3.07,3.55,4.76,4.2,3.88,1.61,1.85,3.29,4.46,4.37,3.39,0.96,0.9,3.57,2.3,0.75,1.11,1.12,1.35,0.7,0.98,1.45,0.69,0.0,0.03,0.17,0.14,0.08,0.15,0.47,0.4,0.0,0.86,0.2,0.13,0.78,1.24,0.28,0.48,0.1,0.2,0.14,0.0,0.0,0.0,0.03,0.03,0.45,0.38,1.13,0.93,0.38,0.4,0.25,0.12,0.08,0.14,0.06,0.09,0.02,0.05,0.0,0.0,0.0,0.0,0.11,0.45,0.78,1.05,0.23,0.59
2025-08-24 02:06:00,0.0,0.0,3.49,3.58,3.98,5.74,4.86,4.47,1.87,2.14,3.71,4.95,5.15,3.87,1.17,1.11,4.24,2.72,0.69,1.05,1.35,1.6,0.79,1.13,1.71,0.96,0.1,0.13,0.3,0.33,0.16,0.31,0.59,0.49,0.04,1.05,0.3,0.11,1.01,1.65,0.49,0.71,0.16,0.26,0.16,0.01,0.0,0.0,0.05,0.13,0.54,0.49,1.25,1.02,0.46,0.48,0.3,0.19,0.21,0.25,0.1,0.15,0.03,0.07,0.0,0.0,0.0,0.0,0.18,0.51,0.88,1.06,0.3,0.65
2025-08-24 02:09:00,0.0,0.0,3.13,3.18,3.44,5.28,4.38,3.99,1.67,2.05,3.18,4.35,4.74,3.48,0.98,0.97,3.79,2.46,0.45,0.8,1.05,1.29,0.72,1.04,1.46,0.83,0.03,0.05,0.16,0.25,0.1,0.26,0.48,0.45,0.0,0.58,0.1,0.11,0.71,1.25,0.39,0.54,0.08,0.18,0.07,0.0,0.0,0.0,0.0,0.04,0.48,0.45,1.16,0.95,0.4,0.42,0.23,0.12,0.2,0.23,0.08,0.13,0.0,0.03,0.0,0.0,0.0,0.0,0.14,0.43,0.87,0.97,0.27,0.56
2025-08-24 02:12:00,0.0,0.0,3.26,3.33,3.64,5.44,4.55,4.17,1.75,2.08,3.38,4.57,4.88,3.62,1.06,1.02,3.95,2.56,0.54,0.9,1.19,1.43,0.74,1.07,1.56,0.88,0.06,0.08,0.21,0.27,0.13,0.27,0.52,0.46,0.01,0.78,0.18,0.1,0.84,1.41,0.43,0.61,0.11,0.21,0.11,0.0,0.0,0.0,0.0,0.09,0.5,0.46,1.19,0.98,0.42,0.44,0.26,0.14,0.2,0.24,0.09,0.14,0.02,0.05,0.0,0.0,0.0,0.0,0.15,0.46,0.87,1.01,0.28,0.59
2025-08-24 02:15:00,0.0,0.0,1.79,1.86,2.08,3.23,2.56,2.39,1.03,1.39,1.73,2.51,2.89,2.09,0.49,0.5,2.2,1.47,0.18,0.49,0.55,0.74,0.45,0.62,0.83,0.35,0.0,0.0,0.0,0.0,0.0,0.0,0.19,0.28,0.0,0.03,0.0,0.03,0.23,0.37,0.07,0.13,0.0,0.04,0.0,0.0,0.0,0.0,0.0,0.0,0.22,0.22,0.83,0.77,0.19,0.21,0.06,0.0,0.0,0.1,0.0,0.03,0.0,0.0,0.0,0.0,0.0,0.0,0.0,0.21,0.71,0.86,0.11,0.31
2025-08-24 02:18:00,0.0,0.0,1.75,1.82,2.02,3.19,2.51,2.34,1.0,1.38,1.68,2.46,2.85,2.06,0.46,0.49,2.16,1.44,0.15,0.46,0.5,0.69,0.44,0.61,0.8,0.33,0.0,0.0,0.0,0.0,0.0,0.0,0.18,0.27,0.0,0.0,0.0,0.04,0.19,0.33,0.06,0.11,0.0,0.03,0.0,0.0,0.0,0.0,0.0,0.0,0.21,0.22,0.82,0.76,0.18,0.21,0.05,0.0,0.0,0.1,0.0,0.03,0.0,0.0,0.0,0.0,0.0,0.0,0.0,0.2,0.72,0.85,0.11,0.3
2025-08-24 02:21:00,0.0,0.0,1.56,1.63,1.81,2.92,2.28,2.14,0.93,1.31,1.48,2.19,2.6,1.84,0.4,0.42,1.94,1.32,0.07,0.37,0.55,0.74,0.4,0.56,0.73,0.26,0.0,0.0,0.0,0.0,0.0,0.0,0.12,0.24,0.0,0.01,0.0,0.0,0.21,0.28,0.02,0.09,0.0,0.0,0.0,0.0,0.0,0.0,0.0,0.0,0.17,0.2,0.76,0.73,0.14,0.16,0.04,0.0,0.0,0.09,0.0,0.01,0.0,0.0,0.0,0.0,0.0,0.0,0.0,0.14,0.67,0.83,0.05,0.24
2025-08-24 02:24:00,0.0,0.0,1.65,1.73,1.93,3.03,2.39,2.25,0.99,1.34,1.59,2.33,2.7,1.94,0.45,0.46,2.05,1.38,0.14,0.44,0.6,0.8,0.42,0.59,0.79,0.29,0.0,0.0,0.0,0.0,0.0,0.0,0.16,0.25,0.0,0.08,0.0,0.0,0.27,0.35,0.05,0.13,0.0,0.02,0.0,0.0,0.0,0.0,0.0,0.0,0.19,0.21,0.79,0.75,0.16,0.18,0.06,0.0,0.0,0.09,0.0,0.01,0.0,0.0,0.0,0.0,0.0,0.0,0.0,0.17,0.68,0.86,0.06,0.27
2025-08-24 02:27:00,0.0,0.0,2.51,2.62,2.98,4.24,3.55,3.32,1.43,1.7,2.64,3.62,3.82,2.87,0.82,0.78,3.07,2.02,0.51,0.85,1.03,1.25,0.61,0.86,1.27,0.61,0.0,0.0,0.08,0.05,0.05,0.08,0.38,0.36,0.0,0.65,0.11,0.03,0.69,0.99,0.26,0.42,0.06,0.16,0.11,0.0,0.0,0.0,0.0,0.04,0.38,0.35,1.02,0.9,0.32,0.33,0.2,0.05,0.06,0.15,0.05,0.07,0.0,0.03,0.0,0.0,0.0,0.0,0.07,0.36,0.77,1.0,0.17,0.48
2025-08-24 02:30:00,0.0,0.0,2.64,2.77,3.17,4.4,3.72,3.49,1.5,1.74,2.82,3.84,3.97,3.01,0.88,0.83,3.23,2.11,0.6,0.95,1.11,1.33,0.64,0.89,1.35,0.66,0.0,0.03,0.13,0.09,0.07,0.11,0.42,0.38,0.01,0.77,0.18,0.05,0.78,1.1,0.3,0.47,0.09,0.19,0.14,0.0,0.0,0.0,0.02,0.06,0.41,0.37,1.06,0.92,0.35,0.36,0.23,0.08,0.07,0.16,0.06,0.08,0.01,0.04,0.0,0.0,0.0,0.0,0.09,0.4,0.79,1.03,0.19,0.51
2025-08-24 02:33:00,0.0,0.0,2.69,2.82,3.24,4.47,3.78,3.55,1.52,1.76,2.88,3.92,4.04,3.07,0.9,0.85,3.29,2.14,0.63,0.97,1.1,1.32,0.65,0.91,1.37,0.69,0.0,0.03,0.14,0.11,0.08,0.13,0.44,0.38,0.01,0.77,0.19,0.08,0.78,1.12,0.31,0.47,0.1,0.2,0.14,0.0,0.0,0.0,0.02,0.05,0.42,0.37,1.08,0.92,0.36,0.37,0.24,0.1,0.08,0.16,0.06,0.08,0.02,0.04,0.0,0.0,0.0,0.0,0.1,0.42,0.8,1.04,0.2,0.53
2025-08-24 02:36:00,0.0,0.0,2.55,2.64,2.97,4.33,3.56,3.32,1.42,1.72,2.61,3.59,3.88,2.89,0.81,0.8,3.11,2.04,0.46,0.8,0.93,1.15,0.62,0.86,1.26,0.65,0.0,0.0,0.08,0.1,0.06,0.13,0.39,0.38,0.0,0.5,0.09,0.09,0.62,0.94,0.28,0.41,0.07,0.16,0.1,0.0,0.0,0.0,0.0,0.01,0.38,0.35,1.04,0.9,0.33,0.35,0.19,0.06,0.1,0.17,0.05,0.09,0.0,0.02,0.0,0.0,0.0,0.0,0.09,0.37,0.81,0.98,0.21,0.48
2025-08-24 02:39:00,0.0,0.0,2.89,3.0,3.41,4.78,3.99,3.72,1.57,1.82,3.04,4.11,4.29,3.27,0.95,0.92,3.51,2.27,0.65,1.0,1.02,1.24,0.68,0.95,1.44,0.78,0.0,0.03,0.18,0.21,0.1,0.23,0.49,0.42,0.02,0.66,0.21,0.19,0.73,1.15,0.36,0.5,0.13,0.23,0.16,0.01,0.0,0.0,0.0,0.03,0.44,0.38,1.13,0.95,0.39,0.41,0.23,0.13,0.15,0.18,0.07,0.11,0.01,0.05,0.0,0.0,0.0,0.0,0.14,0.45,0.84,1.04,0.27,0.57
2025-08-24 02:42:00,0.0,0.0,2.96,3.1,3.59,4.85,4.09,3.85,1.65,1.84,3.19,4.26,4.34,3.35,1.02,0.96,3.61,2.33,0.77,1.12,1.24,1.48,0.7,0.97,1.55,0.82,0.05,0.08,0.24,0.2,0.12,0.21,0.53,0.43,0.05,1.0,0.33,0.12,0.94,1.35,0.4,0.59,0.17,0.26,0.21,0.03,0.0,0.0,0.08,0.09,0.46,0.4,1.15,0.98,0.41,0.42,0.27,0.15,0.13,0.19,0.08,0.11,0.04,0.07,0.0,0.0,0.0,0.0,0.15,0.48,0.83,1.09,0.26,0.59
2025-08-24 02:45:00,0.0,0.0,3.17,3.26,3.61,5.28,4.41,4.08,1.74,2.03,3.3,4.44,4.72,3.51,1.06,1.01,3.85,2.5,0.58,0.93,1.29,1.54,0.73,1.05,1.57,0.87,0.09,0.1,0.23,0.24,0.13,0.23,0.52,0.45,0.02,0.94,0.23,0.05,0.94,1.45,0.44,0.64,0.13,0.23,0.14,0.0,0.0,0.0,0.04,0.12,0.49,0.46,1.17,0.99,0.42,0.43,0.27,0.14,0.17,0.23,0.08,0.13,0.03,0.05,0.0,0.0,0.0,0.0,0.14,0.45,0.85,1.03,0.26,0.58
2025-08-24 02:48:00,0.0,0.0,2.88,2.96,3.23,4.89,4.04,3.74,1.62,1.94,2.93,3.99,4.37,3.19,0.95,0.91,3.51,2.31,0.43,0.78,1.21,1.46,0.68,0.98,1.42,0.76,0.06,0.07,0.15,0.14,0.1,0.16,0.44,0.42,0.0,0.78,0.14,0.0,0.84,1.25,0.38,0.56,0.08,0.18,0.09,0.0,0.0,0.0,0.0,0.11,0.44,0.43,1.1,0.95,0.36,0.38,0.24,0.09,0.14,0.22,0.07,0.11,0.01,0.03,0.0,0.0,0.0,0.0,0.1,0.39,0.82,0.98,0.21,0.5
2025-08-24 02:51:00,0.0,0.0,3.35,3.44,3.84,5.52,4.64,4.29,1.81,2.08,3.53,4.72,4.95,3.71,1.12,1.07,4.07,2.62,0.67,1.03,1.31,1.56,0.76,1.09,1.66,0.94,0.09,0.12,0.28,0.31,0.15,0.29,0.56,0.47,0.03,0.99,0.29,0.11,0.98,1.56,0.48,0.68,0.15,0.25,0.16,0.01,0.0,0.0,0.04,0.12,0.53,0.47,1.22,1.01,0.45,0.46,0.29,0.18,0.2,0.24,0.09,0.14,0.03,0.06,0.0,0.0,0.0,0.0,0.17,0.5,0.88,1.06,0.29,0.62
2025-08-24 02:54:00,0.0,0.0,3.12,3.19,3.5,5.22,4.33,4.0,1.7,2.01,3.21,4.34,4.67,3.45,1.02,0.98,3.78,2.46,0.53,0.87,1.2,1.44,0.72,1.03,1.52,0.84,0.06,0.08,0.2,0.23,0.12,0.23,0.5,0.45,0.01,0.8,0.18,0.06,0.85,1.36,0.42,0.6,0.11,0.21,0.12,0.0,0.0,0.0,0.0,0.1,0.48,0.45,1.16,0.97,0.4,0.42,0.25,0.13,0.18,0.23,0.08,0.13,0.02,0.04,0.0,0.0,0.0,0.0,0.14,0.44,0.85,1.01,0.26,0.56
2025-08-24 02:57:00,0.0,0.0,2.45,2.54,2.8,4.18,3.67,3.3,1.34,1.75,2.66,3.76,3.88,2.89,0.71,0.68,2.99,1.97,0.36,0.7,0.75,0.97,0.6,0.86,1.08,0.45,0.0,0.0,0.0,0.0,0.0,0.03,0.29,0.34,0.0,0.3,0.0,0.06,0.38,0.76,0.11,0.25,0.0,0.05,0.0,0.0,0.0,0.0,0.0,0.0,0.35,0.32,0.98,0.82,0.27,0.3,0.14,0.0,0.03,0.1,0.03,0.06,0.0,0.0,0.0,0.0,0.0,0.0,0.02,0.31,0.73,0.9,0.16,0.45
2025-08-24 03:00:00,0.0,0.0,2.62,2.73,3.06,4.39,3.91,3.53,1.44,1.8,2.91,4.06,4.09,3.08,0.79,0.75,3.2,2.1,0.49,0.83,0.88,1.1,0.64,0.9,1.2,0.51,0.0,0.0,0.02,0.02,0.01,0.05,0.35,0.36,0.0,0.48,0.0,0.07,0.5,0.92,0.15,0.32,0.0,0.09,0.03,0.0,0.0,0.0,0.0,0.0,0.39,0.34,1.03,0.85,0.3,0.33,0.17,0.03,0.04,0.11,0.04,0.07,0.0,0.01,0.0,0.0,0.0,0.0,0.05,0.35,0.73,0.94,0.18,0.5
2025-08-24 03:03:00,0.0,0.0,2.41,2.5,2.78,4.11,3.62,3.27,1.35,1.73,2.63,3.7,3.82,2.84,0.71,0.67,2.95,1.96,0.37,0.71,0.83,1.05,0.6,0.85,1.09,0.43,0.0,0.0,0.0,0.0,0.0,0.0,0.29,0.33,0.0,0.4,0.0,0.01,0.44,0.8,0.11,0.27,0.0,0.05,0.0,0.0,0.0,0.0,0.0,0.0,0.34,0.32,0.97,0.82,0.26,0.29,0.14,0.0,0.01,0.1,0.02,0.06,0.0,0.0,0.0,0.0,0.0,0.0,0.01,0.3,0.71,0.9,0.14,0.44
2025-08-24 03:06:00,0.0,0.0,1.97,2.04,2.23,3.51,2.98,2.69,1.12,1.55,2.04,2.96,3.23,2.34,0.53,0.52,2.42,1.63,0.17,0.48,0.62,0.82,0.5,0.71,0.86,0.3,0.0,0.0,0.0,0.0,0.0,0.0,0.18,0.28,0.0,0.1,0.0,0.0,0.24,0.48,0.03,0.14,0.0,0.0,0.0,0.0,0.0,0.0,0.0,0.0,0.25,0.25,0.86,0.76,0.18,0.21,0.07,0.0,0.0,0.08,0.0,0.03,0.0,0.0,0.0,0.0,0.0,0.0,0.0,0.2,0.67,0.83,0.09,0.33
2025-08-24 03:09:00,0.0,0.0,2.04,2.11,2.31,3.6,3.07,2.77,1.15,1.57,2.12,3.06,3.32,2.41,0.55,0.55,2.5,1.68,0.2,0.52,0.62,0.83,0.51,0.73,0.89,0.33,0.0,0.0,0.0,0.0,0.0,0.0,0.2,0.29,0.0,0.12,0.0,0.0,0.26,0.51,0.04,0.15,0.0,0.0,0.0,0.0,0.0,0.0,0.0,0.0,0.27,0.26,0.88,0.77,0.2,0.23,0.08,0.0,0.0,0.08,0.0,0.04,0.0,0.0,0.0,0.0,0.0,0.0,0.0,0.22,0.69,0.84,0.1,0.35
2025-08-24 03:12:00,0.0,0.0,2.11,2.19,2.41,3.7,3.17,2.86,1.18,1.6,2.22,3.18,3.42,2.5,0.58,0.57,2.59,1.73,0.24,0.56,0.64,0.84,0.53,0.75,0.93,0.35,0.0,0.0,0.0,0.0,0.0,0.0,0.22,0.3,0.0,0.15,0.0,0.02,0.28,0.55,0.05,0.17,0.0,0.02,0.0,0.0,0.0,0.0,0.0,0.0,0.28,0.27,0.9,0.78,0.21,0.25,0.09,0.0,0.0,0.09,0.01,0.04,0.0,0.0,0.0,0.0,0.0,0.0,0.0,0.24,0.7,0.86,0.12,0.37
2025-08-24 03:15:00,0.0,0.0,2.8,2.9,3.23,4.71,3.96,3.67,1.57,1.87,2.94,4.01,4.24,3.16,0.91,0.87,3.42,2.24,0.5,0.85,1.13,1.37,0.67,0.95,1.38,0.7,0.02,0.04,0.13,0.11,0.08,0.13,0.43,0.4,0.0,0.75,0.13,0.02,0.78,1.18,0.32,0.5,0.08,0.17,0.1,0.0,0.0,0.0,0.0,0.08,0.43,0.4,1.08,0.93,0.35,0.37,0.23,0.08,0.11,0.19,0.06,0.1,0.01,0.04,0.0,0.0,0.0,0.0,0.09,0.39,0.8,0.99,0.2,0.51
2025-08-24 03:18:00,0.0,0.0,2.52,2.58,2.81,4.36,3.59,3.3,1.41,1.79,2.54,3.54,3.92,2.85,0.77,0.76,3.07,2.03,0.31,0.64,0.91,1.13,0.61,0.87,1.19,0.59,0.0,0.0,0.02,0.04,0.03,0.09,0.34,0.37,0.0,0.41,0.0,0.01,0.55,0.89,0.24,0.38,0.01,0.11,0.03,0.0,0.0,0.0,0.0,0.02,0.37,0.36,1.01,0.87,0.3,0.32,0.17,0.02,0.1,0.17,0.04,0.09,0.0,0.01,0.0,0.0,0.0,0.0,0.05,0.32,0.78,0.92,0.17,0.44
2025-08-24 03:21:00,0.0,0.0,2.81,2.9,3.22,4.72,3.97,3.66,1.56,1.87,2.93,4.01,4.26,3.17,0.91,0.87,3.42,2.24,0.5,0.84,1.09,1.33,0.67,0.95,1.37,0.7,0.01,0.03,0.12,0.12,0.08,0.14,0.43,0.4,0.0,0.69,0.12,0.04,0.74,1.15,0.32,0.49,0.07,0.17,0.1,0.0,0.0,0.0,0.0,0.06,0.43,0.4,1.09,0.93,0.35,0.37,0.22,0.08,0.11,0.19,0.06,0.1,0.01,0.03,0.0,0.0,0.0,0.0,0.1,0.39,0.8,0.99,0.21,0.52
2025-08-24 03:24:00,0.0,0.0,3.05,3.16,3.56,5.04,4.29,3.97,1.68,1.94,3.26,4.4,4.55,3.44,1.01,0.96,3.71,2.41,0.64,0.99,1.2,1.44,0.71,1.01,1.51,0.79,0.04,0.07,0.2,0.2,0.11,0.2,0.5,0.43,0.02,0.88,0.22,0.09,0.86,1.34,0.37,0.57,0.12,0.22,0.14,0.0,0.0,0.0,0.03,0.08,0.47,0.42,1.15,0.96,0.4,0.41,0.26,0.13,0.14,0.2,0.08,0.12,0.02,0.05,0.0,0.0,0.0,0.0,0.13,0.45,0.83,1.04,0.25,0.58
2025-08-24 03:27:00,0.0,0.0,2.77,2.86,3.17,4.67,3.96,3.63,1.52,1.86,2.92,4.02,4.24,3.15,0.87,0.84,3.37,2.21,0.47,0.82,1.0,1.23,0.66,0.94,1.32,0.66,0.0,0.0,0.09,0.11,0.06,0.13,0.41,0.4,0.0,0.58,0.07,0.07,0.64,1.07,0.27,0.44,0.05,0.14,0.07,0.0,0.0,0.0,0.0,0.02,0.42,0.38,1.08,0.9,0.34,0.36,0.2,0.07,0.1,0.17,0.06,0.1,0.0,0.02,0.0,0.0,0.0,0.0,0.09,0.38,0.79,0.97,0.21,0.51
2025-08-24 03:30:00,0.0,0.0,2.06,2.1,2.23,3.72,3.03,2.75,1.18,1.64,2.0,2.89,3.36,2.35,0.57,0.57,2.52,1.71,0.09,0.4,0.73,0.95,0.51,0.74,0.92,0.38,0.0,0.0,0.0,0.0,0.0,0.0,0.2,0.3,0.0,0.17,0.0,0.0,0.34,0.57,0.11,0.22,0.0,0.01,0.0,0.0,0.0,0.0,0.0,0.0,0.27,0.3,0.87,0.79,0.2,0.22,0.09,0.0,0.02,0.14,0.01,0.05,0.0,0.0,0.0,0.0,0.0,0.0,0.0,0.2,0.71,0.82,0.09,0.31
2025-08-24 03:33:00,0.0,0.0,2.88,2.98,3.32,4.81,4.11,3.77,1.58,1.89,3.07,4.19,4.37,3.28,0.92,0.88,3.51,2.28,0.54,0.88,1.05,1.28,0.68,0.97,1.38,0.7,0.0,0.02,0.12,0.14,0.07,0.16,0.44,0.41,0.0,0.66,0.11,0.09,0.7,1.15,0.3,0.47,0.07,0.17,0.09,0.0,0.0,0.0,0.0,0.04,0.44,0.39,1.11,0.92,0.36,0.38,0.22,0.09,0.12,0.17,0.06,0.11,0.0,0.03,0.0,0.0,0.0,0.0,0.1,0.41,0.8,0.99,0.23,0.54
2025-08-24 03:36:00,0.0,0.0,2.94,3.06,3.47,4.84,4.25,3.88,1.6,1.89,3.26,4.44,4.45,3.4,0.94,0.89,3.58,2.32,0.65,1.0,1.05,1.27,0.7,0.98,1.41,0.68,0.0,0.01,0.14,0.14,0.07,0.16,0.45,0.41,0.0,0.72,0.14,0.13,0.7,1.19,0.27,0.46,0.08,0.17,0.11,0.0,0.0,0.0,0.0,0.02,0.45,0.38,1.12,0.92,0.37,0.39,0.23,0.1,0.1,0.15,0.06,0.1,0.01,0.04,0.0,0.0,0.0,0.0,0.11,0.43,0.79,1.01,0.24,0.58
2025-08-24 03:39:00,0.0,0.0,2.67,2.77,3.09,4.48,3.88,3.54,1.47,1.81,2.88,3.99,4.12,3.09,0.82,0.79,3.25,2.13,0.48,0.83,0.93,1.15,0.64,0.91,1.25,0.58,0.0,0.0,0.05,0.06,0.03,0.09,0.38,0.38,0.0,0.52,0.03,0.07,0.57,0.98,0.21,0.37,0.02,0.12,0.05,0.0,0.0,0.0,0.0,0.0,0.4,0.36,1.05,0.88,0.32,0.35,0.19,0.05,0.07,0.14,0.05,0.08,0.0,0.02,0.0,0.0,0.0,0.0,0.07,0.37,0.76,0.96,0.19,0.51
2025-08-24 03:42:00,0.0,0.0,2.68,2.78,3.12,4.49,3.9,3.56,1.48,1.81,2.9,4.01,4.13,3.1,0.83,0.79,3.27,2.14,0.5,0.84,0.95,1.17,0.65,0.92,1.26,0.58,0.0,0.0,0.06,0.06,0.04,0.09,0.38,0.38,0.0,0.55,0.04,0.07,0.59,1.0,0.22,0.38,0.03,0.12,0.06,0.0,0.0,0.0,0.0,0.0,0.4,0.36,1.05,0.88,0.32,0.35,0.19,0.05,0.07,0.14,0.05,0.08,0.0,0.02,0.0,0.0,0.0,0.0,0.07,0.37,0.77,0.96,0.19,0.51
2025-08-24 03:45:00,0.0,0.0,3.86,4.01,4.6,6.1,5.52,5.03,2.01,2.22,4.46,5.93,5.63,4.4,1.29,1.19,4.68,2.96,1.03,1.4,1.4,1.65,0.87,1.23,1.87,0.98,0.08,0.14,0.37,0.4,0.17,0.34,0.66,0.51,0.04,1.29,0.4,0.23,1.08,1.89,0.46,0.73,0.19,0.29,0.2,0.03,0.0,0.0,0.09,0.09,0.61,0.5,1.33,1.03,0.51,0.53,0.35,0.26,0.19,0.19,0.11,0.15,0.04,0.08,0.0,0.0,0.0,0.0,0.22,0.61,0.87,1.12,0.34,0.77
2025-08-24 03:48:00,0.0,0.0,3.86,4.02,4.62,6.11,5.53,5.04,2.02,2.22,4.48,5.94,5.63,4.4,1.3,1.19,4.69,2.96,1.04,1.41,1.43,1.68,0.87,1.23,1.88,0.99,0.08,0.14,0.38,0.4,0.17,0.34,0.67,0.51,0.04,1.34,0.41,0.22,1.1,1.91,0.46,0.74,0.19,0.29,0.2,0.03,0.0,0.0,0.11,0.1,0.61,0.5,1.33,1.04,0.51,0.53,0.35,0.26,0.18,0.2,0.11,0.15,0.05,0.08,0.0,0.0,0.0,0.0,0.21,0.61,0.87,1.13,0.34,0.77
2025-08-24 03:51:00,0.0,0.0,3.49,3.63,4.11,5.64,5.04,4.59,1.86,2.12,3.96,5.31,5.19,3.98,1.15,1.07,4.25,2.72,0.82,1.19,1.31,1.56,0.8,1.14,1.68,0.86,0.05,0.1,0.27,0.28,0.13,0.25,0.57,0.47,0.01,1.09,0.27,0.14,0.95,1.63,0.39,0.64,0.13,0.23,0.15,0.0,0.0,0.0,0.06,0.08,0.55,0.47,1.24,0.99,0.45,0.47,0.3,0.19,0.15,0.18,0.09,0.13,0.03,0.06,0.0,0.0,0.0,0.0,0.16,0.53,0.83,1.07,0.28,0.68
2025-08-24 03:54:00,0.0,0.0,3.09,3.19,3.53,5.12,4.49,4.07,1.67,2.01,3.38,4.63,4.71,3.53,0.98,0.93,3.76,2.44,0.57,0.92,1.1,1.34,0.73,1.04,1.45,0.71,0.0,0.03,0.14,0.17,0.08,0.17,0.46,0.42,0.0,0.73,0.1,0.08,0.73,1.28,0.3,0.5,0.06,0.16,0.07,0.0,0.0,0.0,0.0,0.04,0.48,0.43,1.14,0.93,0.38,0.41,0.24,0.11,0.12,0.17,0.07,0.11,0.0,0.03,0.0,0.0,0.0,0.0,0.11,0.43,0.8,0.99,0.23,0.58
2025-08-24 03:57:00,0.0,0.0,3.91,3.99,4.31,6.34,6.04,5.21,1.97,2.45,4.62,6.36,6.06,4.55,1.16,1.09,4.74,3.03,0.66,1.04,1.13,1.39,0.88,1.29,1.63,0.76,0.0,0.03,0.18,0.28,0.08,0.24,0.52,0.48,0.0,0.8,0.04,0.15,0.69,1.64,0.28,0.54,0.01,0.11,0.0,0.0,0.0,0.0,0.0,0.0,0.6,0.51,1.29,0.95,0.43,0.49,0.27,0.16,0.16,0.16,0.08,0.14,0.0,0.02,0.0,0.0,0.0,0.0,0.13,0.5,0.81,0.95,0.28,0.72
2025-08-24 04:00:00,0.0,0.0,4.13,4.23,4.63,6.62,6.36,5.51,2.08,2.51,4.96,6.78,6.32,4.8,1.26,1.16,5.01,3.18,0.79,1.17,1.26,1.53,0.92,1.35,1.76,0.83,0.01,0.07,0.25,0.33,0.11,0.28,0.58,0.5,0.0,1.02,0.12,0.17,0.83,1.86,0.32,0.62,0.05,0.15,0.03,0.0,0.0,0.0,0.0,0.03,0.64,0.53,1.33,0.98,0.47,0.52,0.31,0.2,0.17,0.17,0.1,0.15,0.01,0.04,0.0,0.0,0.0,0.0,0.16,0.55,0.82,0.99,0.3,0.77
2025-08-24 04:03:00,0.0,0.0,4.21,4.32,4.75,6.72,6.48,5.62,2.12,2.53,5.09,6.93,6.42,4.89,1.29,1.19,5.12,3.24,0.83,1.22,1.31,1.58,0.93,1.37,1.8,0.85,0.03,0.08,0.27,0.35,0.12,0.29,0.6,0.51,0.0,1.11,0.15,0.17,0.87,1.94,0.34,0.65,0.07,0.16,0.05,0.0,0.0,0.0,0.01,0.04,0.65,0.54,1.35,0.99,0.48,0.53,0.32,0.22,0.17,0.17,0.1,0.15,0.01,0.05,0.0,0.0,0.0,0.0,0.17,0.57,0.82,1.01,0.31,0.79
2025-08-24 04:06:00,0.0,0.0,4.3,4.44,4.92,6.8,6.69,5.78,2.16,2.54,5.34,7.25,6.54,5.04,1.32,1.2,5.23,3.3,0.93,1.32,1.34,1.61,0.95,1.39,1.84,0.84,0.02,0.08,0.29,0.35,0.12,0.28,0.62,0.51,0.0,1.2,0.18,0.19,0.9,2.01,0.32,0.65,0.07,0.17,0.06,0.0,0.0,0.0,0.03,0.04,0.67,0.54,1.37,0.99,0.48,0.54,0.33,0.23,0.16,0.16,0.1,0.15,0.01,0.05,0.0,0.0,0.0,0.0,0.17,0.59,0.81,1.02,0.31,0.82
2025-08-24 04:09:00,0.0,0.0,3.81,3.89,4.19,6.18,5.96,5.1,1.91,2.42,4.53,6.29,5.95,4.47,1.11,1.04,4.62,2.96,0.62,1.0,1.04,1.29,0.86,1.27,1.55,0.69,0.0,0.0,0.13,0.24,0.06,0.22,0.49,0.47,0.0,0.69,0.0,0.16,0.6,1.52,0.22,0.48,0.0,0.09,0.0,0.0,0.0,0.0,0.0,0.0,0.58,0.49,1.26,0.92,0.41,0.47,0.25,0.14,0.14,0.14,0.08,0.13,0.0,0.01,0.0,0.0,0.0,0.0,0.11,0.48,0.79,0.93,0.27,0.7
2025-08-24 04:12:00,0.0,0.0,3.65,3.73,4.0,5.98,5.74,4.91,1.85,2.37,4.32,6.02,5.75,4.29,1.06,0.99,4.44,2.86,0.56,0.93,1.02,1.27,0.83,1.23,1.49,0.65,0.0,0.0,0.1,0.19,0.05,0.18,0.46,0.45,0.0,0.65,0.0,0.12,0.57,1.44,0.2,0.45,0.0,0.07,0.0,0.0,0.0,0.0,0.0,0.0,0.55,0.48,1.22,0.91,0.38,0.44,0.23,0.11,0.12,0.14,0.07,0.12,0.0,0.01,0.0,0.0,0.0,0.0,0.09,0.45,0.77,0.91,0.25,0.67
2025-08-24 04:15:00,0.0,0.0,3.36,3.41,3.6,5.6,5.31,4.52,1.71,2.29,3.88,5.47,5.38,3.95,0.94,0.89,4.08,2.66,0.4,0.76,0.89,1.14,0.78,1.16,1.33,0.56,0.0,0.0,0.02,0.12,0.01,0.12,0.38,0.42,0.0,0.44,0.0,0.08,0.44,1.21,0.15,0.36,0.0,0.02,0.0,0.0,0.0,0.0,0.0,0.0,0.5,0.45,1.15,0.87,0.34,0.4,0.19,0.06,0.1,0.13,0.05,0.11,0.0,0.0,0.0,0.0,0.0,0.0,0.06,0.39,0.75,0.86,0.21,0.59
2025-08-24 04:18:00,0.0,0.0,3.83,3.91,4.22,6.21,5.99,5.13,1.92,2.42,4.57,6.33,5.97,4.49,1.12,1.04,4.65,2.97,0.64,1.01,1.07,1.32,0.86,1.27,1.57,0.7,0.0,0.0,0.14,0.24,0.06,0.21,0.5,0.47,0.0,0.73,0.0,0.16,0.62,1.55,0.23,0.49,0.0,0.09,0.0,0.0,0.0,0.0,0.0,0.0,0.58,0.49,1.26,0.93,0.41,0.47,0.25,0.14,0.14,0.14,0.08,0.13,0.0,0.02,0.0,0.0,0.0,0.0,0.12,0.49,0.79,0.93,0.27,0.71
2025-08-24 04:21:00,0.0,0.0,3.41,3.48,3.69,5.66,5.39,4.61,1.75,2.31,3.98,5.58,5.44,4.01,0.97,0.91,4.15,2.7,0.45,0.81,0.97,1.22,0.79,1.17,1.37,0.58,0.0,0.0,0.05,0.12,0.02,0.12,0.4,0.43,0.0,0.55,0.0,0.06,0.51,1.29,0.16,0.4,0.0,0.04,0.0,0.0,0.0,0.0,0.0,0.0,0.51,0.46,1.17,0.88,0.35,0.41,0.2,0.07,0.1,0.13,0.06,0.11,0.0,0.0,0.0,0.0,0.0,0.0,0.06,0.4,0.75,0.88,0.21,0.61
2025-08-24 04:24:00,0.0,0.0,3.21,3.26,3.42,5.4,5.1,4.35,1.65,2.25,3.68,5.22,5.19,3.78,0.89,0.85,3.91,2.56,0.34,0.69,0.86,1.1,0.75,1.12,1.26,0.51,0.0,0.0,0.0,0.08,0.0,0.09,0.35,0.4,0.0,0.39,0.0,0.04,0.41,1.12,0.12,0.33,0.0,0.0,0.0,0.0,0.0,0.0,0.0,0.0,0.48,0.44,1.12,0.85,0.32,0.38,0.17,0.03,0.09,0.12,0.04,0.1,0.0,0.0,0.0,0.0,0.0,0.0,0.04,0.36,0.74,0.84,0.19,0.56
2025-08-24 04:27:00,0.0,0.0,3.76,3.87,4.25,6.08,5.71,4.99,1.91,2.33,4.42,6.05,5.76,4.38,1.14,1.07,4.57,2.91,0.72,1.1,1.12,1.37,0.85,1.24,1.62,0.77,0.0,0.03,0.2,0.28,0.09,0.25,0.54,0.48,0.0,0.82,0.09,0.19,0.72,1.58,0.29,0.54,0.05,0.14,0.04,0.0,0.0,0.0,0.0,0.0,0.58,0.48,1.27,0.95,0.44,0.48,0.27,0.17,0.16,0.16,0.08,0.14,0.0,0.03,0.0,0.0,0.0,0.0,0.14,0.51,0.82,0.99,0.29,0.72
2025-08-24 04:30:00,0.0,0.0,2.97,3.03,3.21,5.04,4.6,4.0,1.57,2.1,3.3,4.66,4.76,3.47,0.84,0.81,3.62,2.38,0.32,0.67,0.88,1.12,0.7,1.04,1.23,0.52,0.0,0.0,0.0,0.05,0.0,0.07,0.34,0.39,0.0,0.4,0.0,0.02,0.44,1.04,0.15,0.34,0.0,0.03,0.0,0.0,0.0,0.0,0.0,0.0,0.44,0.41,1.08,0.85,0.3,0.35,0.17,0.02,0.08,0.13,0.04,0.09,0.0,0.0,0.0,0.0,0.0,0.0,0.03,0.34,0.74,0.86,0.18,0.52
2025-08-24 04:33:00,0.0,0.0,3.22,3.29,3.52,5.37,4.95,4.3,1.67,2.17,3.64,5.08,5.08,3.75,0.93,0.89,3.91,2.55,0.44,0.8,0.93,1.17,0.75,1.1,1.34,0.6,0.0,0.0,0.05,0.13,0.03,0.14,0.4,0.42,0.0,0.49,0.0,0.08,0.51,1.19,0.19,0.39,0.0,0.06,0.0,0.0,0.0,0.0,0.0,0.0,0.48,0.43,1.14,0.88,0.35,0.4,0.2,0.07,0.11,0.14,0.06,0.11,0.0,0.0,0.0,0.0,0.0,0.0,0.07,0.39,0.77,0.9,0.22,0.58
2025-08-24 04:36:00,0.0,0.0,2.99,3.08,3.36,4.96,4.71,4.08,1.56,2.05,3.51,4.94,4.77,3.58,0.85,0.8,3.64,2.38,0.47,0.82,0.84,1.06,0.72,1.04,1.23,0.47,0.0,0.0,0.0,0.04,0.0,0.06,0.35,0.38,0.0,0.43,0.0,0.09,0.41,1.03,0.09,0.3,0.0,0.03,0.0,0.0,0.0,0.0,0.0,0.0,0.44,0.38,1.09,0.84,0.31,0.36,0.17,0.04,0.04,0.09,0.04,0.08,0.0,0.0,0.0,0.0,0.0,0.0,0.04,0.37,0.72,0.89,0.19,0.56
2025-08-24 04:39:00,0.0,0.0,2.75,2.84,3.07,4.64,4.38,3.8,1.48,1.98,3.2,4.54,4.46,3.3,0.77,0.72,3.37,2.22,0.36,0.71,0.82,1.04,0.67,0.98,1.13,0.4,0.0,0.0,0.0,0.0,0.0,0.0,0.29,0.35,0.0,0.38,0.0,0.01,0.38,0.92,0.06,0.25,0.0,0.0,0.0,0.0,0.0,0.0,0.0,0.0,0.4,0.36,1.03,0.81,0.27,0.32,0.15,0.0,0.01,0.08,0.03,0.07,0.0,0.0,0.0,0.0,0.0,0.0,0.0,0.31,0.69,0.86,0.14,0.5
2025-08-24 04:42:00,0.0,0.0,2.72,2.8,3.02,4.6,4.32,3.74,1.45,1.97,3.14,4.47,4.41,3.26,0.75,0.71,3.32,2.19,0.34,0.68,0.78,1.01,0.66,0.97,1.11,0.39,0.0,0.0,0.0,0.0,0.0,0.0,0.28,0.35,0.0,0.34,0.0,0.01,0.35,0.88,0.05,0.24,0.0,0.0,0.0,0.0,0.0,0.0,0.0,0.0,0.39,0.36,1.02,0.81,0.26,0.31,0.14,0.0,0.01,0.08,0.02,0.06,0.0,0.0,0.0,0.0,0.0,0.0,0.0,0.3,0.69,0.84,0.14,0.49
2025-08-24 04:45:00,0.0,0.0,2.83,2.88,3.01,4.88,4.4,3.82,1.53,2.08,3.09,4.37,4.59,3.28,0.8,0.77,3.45,2.3,0.23,0.57,0.91,1.15,0.68,1.0,1.17,0.48,0.0,0.0,0.0,0.0,0.0,0.03,0.3,0.37,0.0,0.4,0.0,0.0,0.45,1.0,0.14,0.33,0.0,0.01,0.0,0.0,0.0,0.0,0.0,0.0,0.41,0.41,1.04,0.84,0.28,0.32,0.16,0.0,0.07,0.14,0.03,0.09,0.0,0.0,0.0,0.0,0.0,0.0,0.01,0.3,0.72,0.83,0.14,0.47
2025-08-24 04:48:00,0.0,0.0,3.29,3.37,3.62,5.47,5.04,4.41,1.75,2.21,3.73,5.16,5.15,3.8,0.99,0.92,4.0,2.62,0.47,0.83,1.12,1.37,0.76,1.12,1.43,0.63,0.0,0.01,0.09,0.12,0.05,0.12,0.42,0.42,0.0,0.74,0.0,0.01,0.67,1.36,0.23,0.47,0.0,0.08,0.0,0.0,0.0,0.0,0.0,0.03,0.5,0.46,1.16,0.91,0.35,0.4,0.23,0.08,0.1,0.16,0.06,0.11,0.0,0.01,0.0,0.0,0.0,0.0,0.07,0.4,0.76,0.92,0.2,0.58
2025-08-24 04:51:00,0.0,0.0,3.6,3.72,4.09,5.87,5.49,4.85,1.92,2.29,4.22,5.74,5.52,4.15,1.14,1.04,4.4,2.85,0.67,1.04,1.36,1.63,0.82,1.21,1.63,0.73,0.03,0.07,0.2,0.19,0.1,0.16,0.51,0.46,0.0,1.14,0.13,0.02,0.9,1.7,0.3,0.6,0.05,0.15,0.05,0.0,0.0,0.0,0.05,0.09,0.56,0.49,1.23,0.96,0.4,0.44,0.29,0.14,0.11,0.17,0.08,0.13,0.01,0.05,0.0,0.0,0.0,0.0,0.11,0.47,0.77,0.99,0.23,0.66
2025-08-24 04:54:00,0.0,0.0,3.71,3.83,4.2,6.02,5.64,4.96,1.95,2.33,4.35,5.92,5.68,4.29,1.16,1.07,4.52,2.91,0.7,1.08,1.3,1.57,0.84,1.23,1.66,0.77,0.03,0.07,0.21,0.24,0.1,0.2,0.53,0.47,0.0,1.05,0.13,0.08,0.87,1.7,0.32,0.6,0.05,0.15,0.05,0.0,0.0,0.0,0.02,0.07,0.58,0.5,1.26,0.97,0.43,0.47,0.29,0.16,0.13,0.17,0.08,0.13,0.01,0.04,0.0,0.0,0.0,0.0,0.13,0.5,0.8,1.0,0.26,0.69
2025-08-24 04:57:00,0.0,0.0,4.75,4.82,5.19,7.64,7.17,6.22,2.38,2.79,5.56,7.46,7.16,5.34,1.49,1.37,5.77,3.64,0.82,1.21,1.64,1.94,1.0,1.5,2.07,1.07,0.14,0.19,0.39,0.49,0.19,0.38,0.7,0.58,0.0,1.49,0.27,0.1,1.17,2.45,0.51,0.88,0.12,0.22,0.07,0.0,0.0,0.0,0.08,0.15,0.73,0.63,1.45,1.07,0.54,0.58,0.38,0.28,0.26,0.26,0.13,0.2,0.03,0.07,0.0,0.0,0.0,0.0,0.21,0.62,0.88,1.03,0.35,0.83
2025-08-24 05:00:00,0.0,0.0,4.52,4.57,4.86,7.34,6.83,5.91,2.27,2.73,5.2,7.04,6.89,5.09,1.39,1.3,5.48,3.48,0.7,1.08,1.48,1.78,0.96,1.45,1.93,1.0,0.11,0.15,0.32,0.44,0.16,0.35,0.64,0.55,0.0,1.22,0.18,0.1,1.02,2.2,0.46,0.79,0.08,0.18,0.04,0.0,0.0,0.0,0.02,0.12,0.69,0.61,1.4,1.04,0.51,0.55,0.34,0.24,0.25,0.25,0.12,0.19,0.02,0.05,0.0,0.0,0.0,0.0,0.19,0.57,0.87,0.99,0.33,0.78
2025-08-24 05:03:00,0.0,0.0,5.7,5.83,6.48,8.84,8.5,7.43,2.77,3.01,6.99,9.2,8.31,6.41,1.85,1.66,6.92,4.25,1.3,1.71,1.98,2.29,1.15,1.71,2.54,1.36,0.23,0.3,0.65,0.75,0.28,0.56,0.91,0.65,0.04,2.2,0.57,0.23,1.57,3.26,0.67,1.13,0.24,0.34,0.19,0.03,0.0,0.0,0.19,0.2,0.88,0.71,1.64,1.17,0.68,0.71,0.49,0.43,0.32,0.27,0.16,0.23,0.07,0.11,0.0,0.0,0.0,0.0,0.32,0.8,0.94,1.16,0.45,1.03
2025-08-24 05:06:00,0.0,0.0,3.77,3.88,4.27,6.09,5.71,5.03,1.96,2.34,4.43,6.02,5.74,4.35,1.18,1.08,4.58,2.94,0.74,1.11,1.3,1.56,0.85,1.24,1.68,0.78,0.02,0.07,0.22,0.25,0.11,0.22,0.54,0.47,0.0,1.06,0.14,0.1,0.87,1.73,0.32,0.6,0.06,0.16,0.06,0.0,0.0,0.0,0.02,0.06,0.58,0.5,1.27,0.97,0.43,0.47,0.29,0.17,0.14,0.17,0.09,0.14,0.01,0.04,0.0,0.0,0.0,0.0,0.13,0.51,0.8,1.0,0.27,0.71
2025-08-24 05:09:00,0.0,0.0,3.42,3.51,3.81,5.64,5.23,4.59,1.81,2.24,3.93,5.41,5.32,3.96,1.04,0.97,4.17,2.71,0.55,0.92,1.17,1.43,0.79,1.16,1.5,0.67,0.0,0.03,0.13,0.16,0.07,0.15,0.45,0.44,0.0,0.83,0.03,0.04,0.72,1.46,0.25,0.51,0.01,0.11,0.01,0.0,0.0,0.0,0.0,0.04,0.52,0.47,1.19,0.93,0.38,0.42,0.25,0.11,0.11,0.16,0.07,0.12,0.0,0.02,0.0,0.0,0.0,0.0,0.09,0.43,0.77,0.95,0.22,0.62
2025-08-24 05:12:00,0.0,0.0,4.04,4.17,4.65,6.44,6.1,5.37,2.08,2.41,4.83,6.52,6.09,4.67,1.28,1.17,4.91,3.12,0.88,1.26,1.37,1.64,0.9,1.31,1.81,0.87,0.05,0.1,0.29,0.34,0.13,0.28,0.61,0.5,0.0,1.21,0.23,0.16,0.96,1.92,0.37,0.67,0.1,0.2,0.09,0.0,0.0,0.0,0.04,0.07,0.63,0.52,1.34,1.0,0.48,0.52,0.33,0.22,0.16,0.18,0.1,0.15,0.02,0.05,0.0,0.0,0.0,0.0,0.17,0.57,0.83,1.04,0.3,0.77
2025-08-24 05:15:00,0.0,0.0,3.91,3.95,4.19,6.46,5.83,5.11,2.02,2.49,4.33,5.91,6.0,4.39,1.21,1.14,4.74,3.05,0.54,0.91,1.34,1.62,0.86,1.29,1.7,0.87,0.08,0.1,0.23,0.31,0.13,0.26,0.54,0.5,0.0,0.98,0.1,0.04,0.89,1.8,0.4,0.68,0.05,0.15,0.02,0.0,0.0,0.0,0.0,0.1,0.6,0.55,1.28,0.99,0.44,0.48,0.29,0.17,0.21,0.23,0.09,0.16,0.01,0.04,0.0,0.0,0.0,0.0,0.14,0.48,0.84,0.96,0.28,0.67
2025-08-24 05:18:00,0.0,0.0,3.68,3.71,3.89,6.14,5.5,4.82,1.92,2.42,4.01,5.52,5.71,4.13,1.12,1.06,4.46,2.89,0.44,0.8,1.25,1.53,0.82,1.23,1.59,0.8,0.05,0.07,0.17,0.24,0.1,0.22,0.48,0.47,0.0,0.82,0.03,0.0,0.8,1.62,0.35,0.61,0.01,0.12,0.0,0.0,0.0,0.0,0.0,0.08,0.56,0.53,1.23,0.96,0.41,0.45,0.26,0.13,0.19,0.22,0.08,0.14,0.0,0.02,0.0,0.0,0.0,0.0,0.11,0.44,0.83,0.92,0.24,0.62
2025-08-24 05:21:00,0.0,0.0,3.98,4.01,4.24,6.58,5.93,5.17,2.02,2.51,4.39,6.01,6.12,4.48,1.21,1.15,4.82,3.09,0.54,0.91,1.24,1.51,0.87,1.3,1.7,0.9,0.06,0.09,0.22,0.35,0.12,0.31,0.55,0.51,0.0,0.83,0.08,0.1,0.81,1.75,0.4,0.65,0.05,0.15,0.01,0.0,0.0,0.0,0.0,0.06,0.61,0.55,1.3,0.99,0.46,0.5,0.28,0.18,0.23,0.23,0.1,0.17,0.0,0.03,0.0,0.0,0.0,0.0,0.16,0.5,0.87,0.95,0.3,0.69
2025-08-24 05:24:00,0.0,0.0,4.42,4.5,4.87,7.13,6.55,5.76,2.24,2.62,5.06,6.8,6.64,4.97,1.4,1.3,5.37,3.39,0.79,1.18,1.52,1.81,0.95,1.41,1.97,1.04,0.13,0.17,0.37,0.46,0.18,0.37,0.67,0.55,0.0,1.31,0.26,0.12,1.1,2.2,0.5,0.82,0.12,0.22,0.09,0.0,0.0,0.0,0.05,0.13,0.69,0.6,1.4,1.05,0.52,0.56,0.36,0.26,0.25,0.25,0.12,0.18,0.03,0.06,0.0,0.0,0.0,0.0,0.2,0.59,0.89,1.03,0.34,0.79
2025-08-24 05:27:00,0.0,0.0,3.83,3.9,4.23,6.26,5.72,5.02,1.96,2.38,4.34,5.92,5.85,4.37,1.18,1.11,4.65,2.97,0.65,1.02,1.2,1.45,0.85,1.25,1.67,0.84,0.03,0.06,0.22,0.31,0.11,0.28,0.55,0.49,0.0,0.86,0.11,0.15,0.79,1.66,0.35,0.61,0.06,0.16,0.04,0.0,0.0,0.0,0.0,0.04,0.59,0.51,1.28,0.98,0.45,0.49,0.28,0.17,0.19,0.2,0.09,0.15,0.0,0.04,0.0,0.0,0.0,0.0,0.15,0.51,0.84,0.98,0.3,0.7
2025-08-24 05:30:00,0.0,0.0,3.78,3.86,4.19,6.17,5.65,4.97,1.96,2.37,4.3,5.84,5.77,4.31,1.17,1.1,4.59,2.95,0.65,1.02,1.26,1.52,0.85,1.24,1.67,0.83,0.04,0.07,0.22,0.28,0.11,0.25,0.54,0.49,0.0,0.95,0.12,0.1,0.84,1.69,0.35,0.62,0.06,0.16,0.05,0.0,0.0,0.0,0.0,0.07,0.58,0.51,1.27,0.98,0.44,0.48,0.28,0.17,0.17,0.2,0.09,0.15,0.01,0.04,0.0,0.0,0.0,0.0,0.14,0.5,0.83,0.98,0.28,0.69
2025-08-24 05:33:00,0.0,0.0,3.83,3.91,4.24,6.24,5.72,5.02,1.96,2.38,4.35,5.93,5.84,4.37,1.18,1.11,4.64,2.97,0.66,1.03,1.22,1.48,0.86,1.25,1.67,0.84,0.03,0.07,0.22,0.31,0.11,0.27,0.55,0.49,0.0,0.89,0.12,0.14,0.81,1.68,0.36,0.61,0.06,0.16,0.04,0.0,0.0,0.0,0.0,0.05,0.59,0.51,1.28,0.98,0.45,0.49,0.28,0.18,0.19,0.2,0.09,0.15,0.01,0.04,0.0,0.0,0.0,0.0,0.15,0.51,0.84,0.98,0.29,0.7
2025-08-24 05:36:00,0.0,0.0,3.07,3.13,3.35,5.16,4.69,4.11,1.63,2.12,3.41,4.76,4.85,3.55,0.9,0.85,3.73,2.45,0.39,0.74,0.98,1.23,0.72,1.06,1.31,0.57,0.0,0.0,0.04,0.08,0.03,0.09,0.37,0.4,0.0,0.54,0.0,0.01,0.55,1.16,0.19,0.4,0.0,0.06,0.0,0.0,0.0,0.0,0.0,0.0,0.46,0.43,1.11,0.88,0.33,0.37,0.19,0.05,0.09,0.15,0.05,0.1,0.0,0.0,0.0,0.0,0.0,0.0,0.05,0.36,0.75,0.89,0.19,0.54
2025-08-24 05:39:00,0.0,0.0,3.21,3.29,3.54,5.36,4.89,4.29,1.7,2.16,3.62,5.02,5.03,3.72,0.96,0.9,3.91,2.55,0.46,0.82,1.04,1.29,0.75,1.1,1.39,0.62,0.0,0.0,0.08,0.12,0.05,0.13,0.41,0.42,0.0,0.63,0.0,0.04,0.61,1.27,0.22,0.44,0.0,0.08,0.0,0.0,0.0,0.0,0.0,0.01,0.49,0.44,1.14,0.9,0.35,0.39,0.21,0.08,0.1,0.15,0.06,0.11,0.0,0.01,0.0,0.0,0.0,0.0,0.07,0.4,0.77,0.92,0.21,0.58
2025-08-24 05:42:00,0.0,0.0,3.71,3.81,4.19,6.01,5.58,4.91,1.9,2.3,4.3,5.88,5.66,4.29,1.14,1.07,4.5,2.88,0.71,1.08,1.16,1.41,0.84,1.22,1.62,0.78,0.0,0.05,0.2,0.28,0.1,0.25,0.53,0.47,0.0,0.85,0.11,0.16,0.75,1.59,0.31,0.56,0.05,0.15,0.05,0.0,0.0,0.0,0.0,0.02,0.57,0.48,1.26,0.96,0.43,0.48,0.27,0.17,0.16,0.17,0.08,0.13,0.0,0.03,0.0,0.0,0.0,0.0,0.14,0.51,0.82,0.99,0.28,0.7
2025-08-24 05:45:00,0.0,0.0,3.76,3.87,4.25,6.06,5.76,5.02,1.92,2.34,4.46,6.12,5.77,4.39,1.14,1.06,4.57,2.92,0.72,1.1,1.14,1.39,0.85,1.24,1.62,0.75,0.0,0.03,0.19,0.26,0.08,0.23,0.53,0.47,0.0,0.85,0.08,0.16,0.72,1.6,0.27,0.53,0.04,0.13,0.03,0.0,0.0,0.0,0.0,0.0,0.58,0.48,1.27,0.95,0.43,0.48,0.27,0.16,0.14,0.15,0.08,0.13,0.0,0.03,0.0,0.0,0.0,0.0,0.13,0.51,0.8,0.98,0.28,0.71
2025-08-24 05:48:00,0.0,0.0,3.51,3.61,3.94,5.73,5.41,4.72,1.83,2.26,4.12,5.68,5.44,4.1,1.06,0.98,4.27,2.76,0.62,0.99,1.13,1.39,0.81,1.18,1.51,0.67,0.0,0.02,0.13,0.17,0.06,0.16,0.47,0.44,0.0,0.81,0.03,0.08,0.69,1.48,0.24,0.49,0.01,0.1,0.01,0.0,0.0,0.0,0.0,0.01,0.54,0.47,1.21,0.92,0.39,0.43,0.25,0.12,0.11,0.14,0.07,0.12,0.0,0.02,0.0,0.0,0.0,0.0,0.1,0.45,0.77,0.95,0.23,0.65
2025-08-24 05:51:00,0.0,0.0,3.24,3.32,3.57,5.39,5.03,4.37,1.7,2.19,3.73,5.19,5.12,3.79,0.95,0.89,3.95,2.58,0.47,0.83,1.02,1.26,0.76,1.11,1.37,0.58,0.0,0.0,0.06,0.1,0.03,0.11,0.4,0.42,0.0,0.62,0.0,0.04,0.57,1.26,0.18,0.41,0.0,0.06,0.0,0.0,0.0,0.0,0.0,0.0,0.49,0.44,1.14,0.89,0.34,0.39,0.21,0.07,0.09,0.14,0.06,0.11,0.0,0.01,0.0,0.0,0.0,0.0,0.06,0.39,0.75,0.9,0.2,0.59
2025-08-24 05:54:00,0.0,0.0,2.9,2.95,3.11,4.94,4.54,3.92,1.54,2.09,3.23,4.59,4.69,3.4,0.81,0.77,3.53,2.33,0.29,0.63,0.85,1.09,0.69,1.02,1.18,0.47,0.0,0.0,0.0,0.01,0.0,0.04,0.31,0.38,0.0,0.37,0.0,0.0,0.41,0.99,0.11,0.31,0.0,0.0,0.0,0.0,0.0,0.0,0.0,0.0,0.42,0.4,1.06,0.83,0.28,0.33,0.16,0.0,0.06,0.12,0.04,0.09,0.0,0.0,0.0,0.0,0.0,0.0,0.02,0.31,0.73,0.84,0.16,0.5
2025-08-24 05:57:00,0.16,0.01,3.23,3.36,3.99,5.22,3.99,3.94,1.77,1.79,3.19,4.11,4.44,3.48,1.2,1.17,3.91,2.46,1.02,1.36,1.35,1.57,0.73,0.99,1.85,1.26,0.17,0.2,0.48,0.52,0.24,0.49,0.73,0.51,0.19,1.14,0.72,0.34,1.23,1.58,0.72,0.83,0.39,0.48,0.42,0.24,0.0,0.0,0.14,0.15,0.52,0.43,1.26,1.09,0.54,0.52,0.34,0.29,0.29,0.29,0.13,0.16,0.08,0.12,0.0,0.01,0.0,0.0,0.3,0.61,0.99,1.23,0.41,0.67
2025-08-24 06:00:00,0.11,0.0,2.76,2.86,3.32,4.62,3.44,3.39,1.55,1.67,2.61,3.44,3.91,2.98,0.99,0.99,3.35,2.15,0.7,1.03,1.15,1.36,0.64,0.87,1.56,1.04,0.11,0.12,0.31,0.34,0.18,0.36,0.58,0.45,0.13,0.77,0.47,0.23,0.97,1.2,0.59,0.66,0.28,0.37,0.32,0.16,0.0,0.0,0.05,0.11,0.43,0.38,1.13,1.02,0.45,0.44,0.27,0.18,0.24,0.27,0.1,0.13,0.05,0.08,0.0,0.0,0.0,0.0,0.22,0.49,0.95,1.14,0.33,0.55
2025-08-24 06:03:00,0.12,0.0,2.78,2.89,3.37,4.63,3.46,3.42,1.57,1.67,2.64,3.47,3.92,2.99,1.01,1.0,3.37,2.17,0.73,1.07,1.22,1.44,0.65,0.88,1.59,1.05,0.12,0.14,0.33,0.33,0.19,0.35,0.59,0.45,0.15,0.87,0.51,0.2,1.04,1.26,0.6,0.69,0.29,0.39,0.34,0.16,0.0,0.0,0.08,0.13,0.44,0.39,1.14,1.03,0.45,0.44,0.28,0.19,0.23,0.28,0.1,0.14,0.05,0.09,0.0,0.0,0.0,0.0,0.22,0.5,0.94,1.15,0.32,0.55
2025-08-24 06:06:00,0.08,0.0,2.69,2.82,3.37,4.43,3.34,3.34,1.53,1.59,2.62,3.43,3.76,2.93,1.0,0.97,3.27,2.09,0.85,1.18,1.22,1.43,0.64,0.85,1.58,1.01,0.1,0.13,0.33,0.3,0.18,0.32,0.59,0.44,0.16,0.94,0.56,0.23,1.06,1.22,0.57,0.67,0.31,0.4,0.38,0.18,0.0,0.0,0.11,0.12,0.42,0.36,1.12,1.02,0.45,0.43,0.28,0.19,0.19,0.25,0.1,0.12,0.06,0.1,0.0,0.0,0.0,0.0,0.22,0.51,0.92,1.18,0.32,0.56
2025-08-24 06:09:00,0.01,0.0,2.21,2.29,2.65,3.82,2.78,2.75,1.27,1.46,2.0,2.72,3.23,2.41,0.75,0.77,2.69,1.75,0.46,0.78,0.88,1.08,0.53,0.72,1.23,0.78,0.01,0.02,0.13,0.15,0.09,0.21,0.42,0.38,0.08,0.4,0.24,0.16,0.67,0.77,0.41,0.45,0.18,0.27,0.23,0.08,0.0,0.0,0.0,0.04,0.32,0.3,0.99,0.92,0.34,0.34,0.18,0.07,0.15,0.22,0.06,0.09,0.02,0.05,0.0,0.0,0.0,0.0,0.13,0.37,0.88,1.05,0.25,0.42
2025-08-24 06:12:00,0.02,0.0,2.28,2.37,2.75,3.92,2.86,2.83,1.31,1.48,2.09,2.82,3.31,2.49,0.79,0.8,2.78,1.81,0.51,0.83,0.92,1.12,0.55,0.73,1.28,0.81,0.02,0.03,0.15,0.17,0.11,0.23,0.45,0.39,0.09,0.46,0.28,0.18,0.71,0.83,0.43,0.48,0.2,0.29,0.25,0.1,0.0,0.0,0.0,0.05,0.33,0.31,1.01,0.94,0.36,0.35,0.19,0.08,0.16,0.23,0.07,0.1,0.02,0.06,0.0,0.0,0.0,0.0,0.14,0.39,0.88,1.07,0.26,0.44
2025-08-24 06:15:00,0.25,0.13,3.04,3.12,3.58,5.07,3.69,3.66,1.7,1.79,2.79,3.61,4.23,3.19,1.13,1.12,3.67,2.35,0.72,1.05,1.36,1.59,0.69,0.94,1.75,1.24,0.2,0.2,0.42,0.45,0.24,0.45,0.66,0.5,0.18,1.0,0.6,0.2,1.21,1.47,0.75,0.84,0.34,0.44,0.36,0.2,0.0,0.0,0.11,0.2,0.48,0.44,1.2,1.08,0.5,0.48,0.31,0.23,0.31,0.34,0.12,0.17,0.07,0.1,0.01,0.01,0.0,0.0,0.26,0.53,1.0,1.17,0.37,0.58
2025-08-24 06:18:00,0.26,0.14,3.22,3.31,3.82,5.3,3.89,3.86,1.78,1.84,2.99,3.86,4.43,3.38,1.2,1.19,3.88,2.47,0.83,1.16,1.41,1.65,0.72,0.99,1.85,1.32,0.22,0.23,0.48,0.53,0.26,0.51,0.71,0.52,0.19,1.11,0.69,0.25,1.29,1.6,0.8,0.89,0.38,0.47,0.4,0.23,0.0,0.0,0.13,0.2,0.51,0.46,1.25,1.11,0.54,0.51,0.33,0.27,0.33,0.35,0.13,0.18,0.08,0.11,0.02,0.02,0.0,0.0,0.29,0.58,1.02,1.2,0.4,0.62
2025-08-24 06:21:00,0.32,0.15,3.59,3.72,4.38,5.78,4.33,4.31,1.96,1.93,3.47,4.4,4.84,3.77,1.38,1.34,4.34,2.72,1.1,1.44,1.64,1.88,0.79,1.08,2.11,1.5,0.28,0.3,0.63,0.66,0.32,0.6,0.84,0.56,0.24,1.52,0.93,0.31,1.57,1.97,0.91,1.06,0.47,0.56,0.49,0.3,0.0,0.0,0.22,0.25,0.58,0.5,1.34,1.17,0.61,0.58,0.4,0.36,0.36,0.36,0.15,0.2,0.1,0.14,0.02,0.02,0.0,0.0,0.35,0.68,1.05,1.28,0.45,0.72
2025-08-24 06:24:00,0.26,0.13,3.19,3.28,3.79,5.28,3.87,3.84,1.76,1.83,2.97,3.84,4.41,3.35,1.19,1.18,3.86,2.45,0.81,1.15,1.4,1.63,0.72,0.98,1.83,1.31,0.22,0.22,0.47,0.52,0.26,0.5,0.71,0.52,0.19,1.08,0.67,0.25,1.27,1.58,0.79,0.88,0.38,0.47,0.39,0.23,0.0,0.0,0.12,0.2,0.51,0.46,1.24,1.1,0.53,0.51,0.33,0.27,0.33,0.35,0.13,0.18,0.07,0.11,0.01,0.02,0.0,0.0,0.29,0.57,1.02,1.19,0.39,0.62
2025-08-24 06:27:00,0.09,0.0,2.86,2.92,3.26,4.84,3.61,3.49,1.57,1.79,2.64,3.52,4.12,3.06,0.98,0.99,3.45,2.23,0.53,0.87,1.09,1.32,0.66,0.91,1.52,1.03,0.1,0.11,0.26,0.34,0.16,0.36,0.55,0.46,0.09,0.62,0.33,0.19,0.87,1.18,0.57,0.64,0.22,0.32,0.23,0.1,0.0,0.0,0.0,0.1,0.44,0.41,1.14,1.0,0.44,0.44,0.25,0.16,0.26,0.29,0.09,0.14,0.03,0.06,0.0,0.0,0.0,0.0,0.2,0.46,0.95,1.07,0.32,0.53
2025-08-24 06:30:00,0.08,0.01,2.68,2.74,3.04,4.62,3.41,3.3,1.5,1.74,2.44,3.28,3.92,2.87,0.91,0.93,3.25,2.12,0.44,0.77,1.07,1.29,0.62,0.87,1.43,0.95,0.09,0.08,0.21,0.27,0.14,0.3,0.5,0.44,0.08,0.57,0.27,0.13,0.82,1.08,0.53,0.6,0.19,0.29,0.21,0.07,0.0,0.0,0.0,0.11,0.4,0.39,1.09,0.98,0.4,0.4,0.22,0.12,0.24,0.29,0.09,0.14,0.03,0.06,0.0,0.0,0.0,0.0,0.17,0.41,0.92,1.03,0.29,0.48
2025-08-24 06:33:00,0.08,0.0,2.71,2.77,3.08,4.65,3.44,3.33,1.51,1.75,2.47,3.32,3.95,2.9,0.92,0.94,3.28,2.13,0.46,0.79,1.06,1.29,0.63,0.88,1.44,0.96,0.09,0.09,0.22,0.28,0.15,0.31,0.5,0.44,0.08,0.57,0.28,0.14,0.83,1.1,0.54,0.61,0.2,0.29,0.21,0.07,0.0,0.0,0.0,0.1,0.41,0.4,1.1,0.98,0.41,0.4,0.23,0.12,0.24,0.29,0.09,0.14,0.03,0.06,0.0,0.0,0.0,0.0,0.17,0.42,0.93,1.04,0.3,0.49
2025-08-24 06:36:00,0.13,0.06,2.71,2.75,3.05,4.66,3.36,3.28,1.5,1.73,2.4,3.21,3.92,2.87,0.93,0.96,3.27,2.12,0.44,0.77,1.04,1.26,0.62,0.87,1.45,1.02,0.1,0.1,0.23,0.32,0.16,0.36,0.52,0.45,0.1,0.52,0.3,0.17,0.83,1.08,0.58,0.63,0.22,0.31,0.23,0.1,0.0,0.0,0.0,0.1,0.41,0.4,1.1,0.99,0.42,0.41,0.23,0.13,0.27,0.31,0.09,0.15,0.03,0.06,0.0,0.0,0.0,0.0,0.19,0.43,0.96,1.05,0.32,0.48
2025-08-24 06:39:00,0.19,0.08,3.17,3.24,3.7,5.26,3.91,3.82,1.73,1.85,2.96,3.87,4.44,3.36,1.14,1.14,3.82,2.44,0.73,1.07,1.27,1.5,0.71,0.98,1.75,1.23,0.17,0.18,0.41,0.49,0.23,0.48,0.67,0.51,0.15,0.89,0.54,0.26,1.11,1.47,0.72,0.8,0.32,0.42,0.33,0.18,0.0,0.0,0.06,0.15,0.5,0.45,1.22,1.07,0.51,0.5,0.3,0.24,0.32,0.33,0.12,0.17,0.06,0.09,0.0,0.01,0.0,0.0,0.27,0.55,1.01,1.15,0.39,0.61
2025-08-24 06:42:00,0.22,0.08,3.38,3.48,4.03,5.52,4.16,4.09,1.85,1.91,3.24,4.18,4.66,3.58,1.25,1.23,4.08,2.58,0.9,1.24,1.46,1.69,0.75,1.04,1.91,1.33,0.22,0.24,0.5,0.55,0.26,0.52,0.74,0.53,0.18,1.19,0.7,0.27,1.32,1.71,0.79,0.91,0.38,0.47,0.39,0.22,0.0,0.0,0.13,0.2,0.54,0.47,1.28,1.11,0.56,0.53,0.35,0.29,0.33,0.34,0.13,0.18,0.08,0.11,0.01,0.01,0.0,0.0,0.3,0.61,1.02,1.21,0.41,0.66
2025-08-24 06:45:00,0.07,0.0,2.62,2.68,2.99,4.51,3.34,3.23,1.48,1.71,2.39,3.22,3.84,2.81,0.9,0.91,3.18,2.07,0.44,0.77,1.07,1.29,0.61,0.85,1.4,0.92,0.08,0.08,0.2,0.24,0.14,0.28,0.48,0.43,0.08,0.57,0.26,0.11,0.82,1.06,0.51,0.59,0.18,0.28,0.2,0.06,0.0,0.0,0.0,0.1,0.4,0.39,1.07,0.97,0.39,0.39,0.22,0.11,0.22,0.28,0.08,0.13,0.02,0.05,0.0,0.0,0.0,0.0,0.16,0.4,0.91,1.04,0.27,0.47
2025-08-24 06:48:00,0.04,0.0,2.38,2.42,2.65,4.19,3.05,2.94,1.35,1.64,2.1,2.87,3.56,2.55,0.78,0.81,2.89,1.9,0.29,0.61,0.94,1.16,0.56,0.79,1.25,0.81,0.05,0.03,0.11,0.16,0.1,0.21,0.4,0.4,0.04,0.38,0.14,0.06,0.68,0.86,0.44,0.49,0.13,0.22,0.15,0.02,0.0,0.0,0.0,0.08,0.35,0.36,1.01,0.93,0.34,0.34,0.18,0.05,0.19,0.27,0.06,0.11,0.01,0.03,0.0,0.0,0.0,0.0,0.12,0.34,0.89,0.98,0.24,0.4
2025-08-24 06:51:00,0.11,0.0,2.95,3.03,3.45,4.95,3.73,3.63,1.64,1.8,2.8,3.69,4.22,3.17,1.05,1.04,3.58,2.3,0.64,0.98,1.23,1.46,0.68,0.94,1.61,1.07,0.13,0.14,0.32,0.36,0.19,0.36,0.59,0.47,0.12,0.84,0.43,0.17,1.02,1.33,0.61,0.71,0.26,0.35,0.28,0.12,0.0,0.0,0.05,0.14,0.46,0.42,1.16,1.03,0.46,0.45,0.28,0.18,0.25,0.29,0.1,0.15,0.05,0.08,0.0,0.0,0.0,0.0,0.21,0.49,0.95,1.11,0.33,0.56
2025-08-24 06:54:00,0.12,0.01,2.97,3.06,3.49,4.97,3.76,3.67,1.66,1.81,2.84,3.73,4.23,3.18,1.07,1.05,3.6,2.32,0.67,1.01,1.3,1.53,0.68,0.94,1.65,1.08,0.15,0.16,0.34,0.35,0.19,0.36,0.6,0.47,0.13,0.94,0.47,0.15,1.09,1.39,0.62,0.74,0.27,0.36,0.29,0.13,0.0,0.0,0.08,0.16,0.47,0.43,1.17,1.04,0.46,0.45,0.29,0.19,0.25,0.3,0.1,0.15,0.05,0.09,0.0,0.0,0.0,0.0,0.21,0.5,0.94,1.12,0.32,0.56
2025-08-24 06:57:00,2.75,2.37,6.0,6.05,7.37,9.41,5.37,6.08,3.14,2.35,4.59,5.12,6.74,5.3,2.78,2.78,7.14,4.18,2.21,2.49,3.53,3.78,1.09,1.46,4.38,4.74,1.29,1.22,2.42,2.75,1.02,2.19,1.97,0.98,0.89,4.41,4.21,0.71,4.86,5.05,3.41,3.22,1.64,1.68,1.51,1.29,0.0,0.0,0.78,0.9,0.98,0.85,1.96,1.78,1.28,1.09,0.84,1.08,1.2,0.96,0.36,0.46,0.31,0.37,0.31,0.2,0.0,0.01,1.02,1.31,1.72,1.86,1.03,1.1
2025-08-24 07:00:00,2.87,2.4,6.48,6.57,8.11,10.02,5.81,6.59,3.35,2.44,5.11,5.65,7.19,5.74,3.02,2.97,7.73,4.48,2.58,2.82,3.87,4.12,1.15,1.55,4.75,5.08,1.38,1.32,2.7,3.0,1.09,2.34,2.13,1.02,0.95,5.23,4.79,0.77,5.43,5.72,3.63,3.5,1.78,1.81,1.63,1.39,0.0,0.0,0.9,0.96,1.05,0.89,2.06,1.84,1.36,1.15,0.91,1.19,1.24,0.98,0.38,0.47,0.34,0.4,0.32,0.21,0.01,0.01,1.09,1.42,1.75,1.95,1.08,1.2
2025-08-24 07:03:00,2.8,2.38,6.53,6.59,8.08,10.12,5.85,6.59,3.31,2.45,5.1,5.68,7.28,5.8,2.97,2.97,7.77,4.48,2.5,2.76,3.54,3.79,1.16,1.56,4.67,5.11,1.32,1.26,2.64,3.13,1.07,2.45,2.13,1.03,0.92,4.53,4.53,0.89,4.98,5.44,3.59,3.37,1.75,1.78,1.58,1.39,0.0,0.0,0.78,0.87,1.06,0.89,2.07,1.82,1.37,1.17,0.88,1.19,1.29,0.97,0.38,0.48,0.32,0.39,0.32,0.21,0.0,0.01,1.12,1.43,1.79,1.92,1.13,1.2
2025-08-24 07:06:00,2.42,2.04,6.12,6.2,7.61,9.5,5.61,6.27,3.13,2.36,4.88,5.48,6.92,5.53,2.77,2.76,7.29,4.24,2.38,2.64,3.27,3.51,1.11,1.49,4.33,4.6,1.17,1.13,2.37,2.78,0.98,2.21,1.98,0.98,0.85,4.08,4.04,0.86,4.47,4.91,3.2,3.04,1.6,1.64,1.47,1.28,0.0,0.0,0.72,0.78,1.0,0.83,1.98,1.75,1.28,1.11,0.83,1.09,1.17,0.9,0.36,0.45,0.3,0.37,0.29,0.19,0.0,0.0,1.03,1.35,1.71,1.86,1.06,1.15
2025-08-24 07:09:00,2.38,2.04,5.95,6.01,7.32,9.29,5.45,6.07,3.04,2.33,4.67,5.27,6.76,5.36,2.67,2.69,7.08,4.13,2.22,2.49,3.09,3.33,1.09,1.46,4.18,4.5,1.13,1.08,2.26,2.72,0.95,2.19,1.91,0.96,0.82,3.7,3.81,0.86,4.2,4.62,3.13,2.92,1.55,1.59,1.41,1.24,0.0,0.0,0.65,0.75,0.97,0.81,1.95,1.73,1.26,1.08,0.79,1.05,1.17,0.9,0.35,0.44,0.29,0.35,0.29,0.19,0.0,0.0,1.01,1.31,1.71,1.82,1.05,1.12
2025-08-24 07:12:00,2.42,2.04,6.15,6.22,7.62,9.54,5.63,6.28,3.12,2.37,4.89,5.5,6.95,5.55,2.76,2.77,7.32,4.25,2.37,2.63,3.2,3.44,1.11,1.49,4.32,4.62,1.16,1.12,2.36,2.82,0.98,2.25,1.98,0.98,0.84,3.95,4.0,0.89,4.38,4.86,3.2,3.02,1.6,1.64,1.46,1.28,0.0,0.0,0.69,0.76,1.0,0.83,1.99,1.75,1.29,1.11,0.82,1.1,1.18,0.9,0.36,0.45,0.3,0.36,0.3,0.19,0.0,0.0,1.04,1.35,1.72,1.86,1.07,1.16
2025-08-24 07:15:00,2.03,1.85,5.8,5.84,7.3,8.68,5.16,5.85,2.92,2.3,4.46,5.29,6.59,5.2,2.53,2.76,6.83,3.81,2.34,2.66,2.36,2.58,1.12,1.5,3.91,4.63,0.95,1.04,2.28,3.37,0.87,2.47,1.84,0.81,0.53,2.37,3.38,1.2,3.51,3.94,3.1,2.44,1.34,1.46,1.19,1.14,0.0,0.0,0.26,0.34,1.13,0.95,1.96,1.65,1.46,1.2,0.92,1.24,1.04,0.72,0.33,0.2,0.23,0.14,0.25,0.3,0.0,0.0,1.15,1.5,2.01,1.95,0.91,1.13
2025-08-24 07:18:00,2.39,2.02,6.1,6.17,7.58,9.45,5.59,6.24,3.1,2.35,4.86,5.47,6.89,5.51,2.74,2.75,7.26,4.22,2.38,2.64,3.18,3.42,1.11,1.48,4.3,4.58,1.15,1.11,2.35,2.79,0.97,2.23,1.97,0.98,0.85,3.95,4.0,0.89,4.36,4.82,3.17,2.99,1.6,1.64,1.46,1.28,0.0,0.0,0.7,0.76,0.99,0.82,1.98,1.75,1.28,1.11,0.82,1.09,1.17,0.89,0.36,0.45,0.29,0.36,0.29,0.19,0.0,0.0,1.03,1.35,1.71,1.85,1.07,1.16
2025-08-24 07:21:00,2.41,2.02,6.38,6.45,7.93,9.83,5.84,6.49,3.18,2.4,5.11,5.75,7.18,5.78,2.83,2.84,7.59,4.38,2.51,2.76,3.14,3.37,1.14,1.53,4.43,4.77,1.14,1.12,2.44,2.99,1.0,2.38,2.05,1.01,0.86,3.91,4.11,1.02,4.34,4.96,3.25,3.05,1.64,1.68,1.49,1.32,0.0,0.0,0.68,0.73,1.03,0.83,2.04,1.77,1.32,1.15,0.83,1.14,1.22,0.9,0.37,0.47,0.3,0.37,0.3,0.19,0.0,0.0,1.08,1.41,1.75,1.87,1.13,1.21
2025-08-24 07:24:00,2.39,2.01,6.3,6.37,7.83,9.73,5.77,6.42,3.15,2.39,5.04,5.68,7.11,5.71,2.8,2.81,7.49,4.33,2.47,2.72,3.13,3.37,1.13,1.52,4.38,4.7,1.14,1.11,2.41,2.94,0.99,2.34,2.02,0.99,0.85,3.86,4.05,0.99,4.32,4.9,3.22,3.02,1.62,1.66,1.48,1.31,0.0,0.0,0.67,0.73,1.02,0.83,2.03,1.76,1.32,1.14,0.82,1.13,1.22,0.9,0.36,0.46,0.29,0.36,0.3,0.19,0.0,0.0,1.07,1.39,1.74,1.87,1.12,1.2
2025-08-24 07:27:00,2.77,2.35,6.37,6.46,8.08,9.76,5.59,6.37,3.2,2.32,4.97,5.5,6.99,5.68,2.92,2.94,7.56,4.34,2.73,2.95,3.27,3.49,1.14,1.5,4.62,5.16,1.24,1.2,2.67,3.23,1.07,2.57,2.17,1.03,0.96,4.19,4.73,1.11,4.72,5.11,3.56,3.25,1.83,1.85,1.69,1.51,0.0,0.0,0.75,0.78,1.03,0.83,2.07,1.82,1.39,1.19,0.86,1.22,1.29,0.95,0.38,0.48,0.32,0.4,0.33,0.22,0.0,0.0,1.16,1.47,1.81,1.97,1.19,1.23
2025-08-24 07:30:00,2.98,2.4,7.31,7.47,9.6,10.92,6.43,7.35,3.6,2.47,6.0,6.55,7.86,6.55,3.38,3.33,8.7,4.89,3.54,3.68,3.83,4.04,1.26,1.66,5.34,5.84,1.4,1.4,3.23,3.78,1.2,2.89,2.49,1.1,1.07,5.63,5.93,1.26,5.73,6.36,3.98,3.76,2.09,2.09,1.93,1.7,0.0,0.0,0.95,0.88,1.17,0.91,2.26,1.94,1.55,1.32,1.0,1.44,1.37,0.97,0.42,0.51,0.37,0.44,0.35,0.23,0.0,0.01,1.31,1.69,1.88,2.13,1.31,1.42
2025-08-24 07:33:00,2.98,2.41,7.18,7.34,9.43,10.75,6.32,7.23,3.57,2.45,5.88,6.41,7.73,6.43,3.34,3.29,8.55,4.83,3.47,3.61,3.87,4.08,1.24,1.64,5.29,5.76,1.4,1.39,3.18,3.68,1.19,2.82,2.46,1.09,1.07,5.69,5.88,1.19,5.76,6.3,3.95,3.74,2.07,2.07,1.92,1.68,0.0,0.0,0.96,0.89,1.16,0.9,2.23,1.93,1.53,1.3,0.99,1.41,1.34,0.97,0.42,0.5,0.37,0.44,0.35,0.23,0.0,0.01,1.28,1.67,1.86,2.12,1.28,1.4
2025-08-24 07:36:00,2.97,2.45,7.18,7.29,9.14,10.9,6.39,7.23,3.56,2.53,5.78,6.36,7.85,6.39,3.28,3.25,8.55,4.85,3.08,3.27,3.83,4.06,1.24,1.66,5.17,5.65,1.4,1.37,3.03,3.58,1.17,2.75,2.37,1.09,1.01,5.36,5.38,1.07,5.57,6.21,3.9,3.7,1.95,1.97,1.77,1.56,0.0,0.0,0.89,0.9,1.15,0.92,2.21,1.91,1.5,1.28,0.97,1.36,1.36,1.0,0.41,0.51,0.35,0.42,0.34,0.22,0.0,0.01,1.24,1.6,1.85,2.04,1.24,1.35
2025-08-24 07:39:00,2.98,2.45,7.35,7.45,9.35,11.13,6.54,7.38,3.61,2.56,5.94,6.52,8.02,6.55,3.34,3.31,8.75,4.95,3.16,3.34,3.79,4.02,1.26,1.69,5.24,5.76,1.4,1.38,3.09,3.71,1.18,2.84,2.42,1.11,1.01,5.32,5.46,1.14,5.55,6.3,3.94,3.73,1.98,1.99,1.79,1.59,0.0,0.0,0.88,0.89,1.17,0.93,2.24,1.92,1.52,1.3,0.97,1.39,1.39,1.0,0.42,0.52,0.35,0.42,0.35,0.22,0.0,0.01,1.27,1.63,1.87,2.05,1.28,1.38
2025-08-24 07:42:00,2.99,2.46,7.29,7.4,9.3,11.04,6.49,7.34,3.61,2.55,5.9,6.47,7.95,6.49,3.33,3.29,8.69,4.92,3.15,3.34,3.89,4.12,1.25,1.68,5.25,5.72,1.42,1.39,3.09,3.63,1.18,2.78,2.4,1.1,1.02,5.53,5.51,1.08,5.68,6.36,3.94,3.76,1.98,2.0,1.8,1.59,0.0,0.0,0.92,0.92,1.16,0.93,2.23,1.93,1.51,1.29,0.98,1.38,1.36,1.0,0.41,0.51,0.36,0.43,0.35,0.22,0.0,0.01,1.25,1.62,1.86,2.06,1.26,1.37
2025-08-24 07:45:00,2.6,2.18,6.35,6.45,8.08,9.71,5.68,6.42,3.2,2.33,5.06,5.63,7.02,5.72,2.9,2.9,7.55,4.34,2.74,2.96,3.3,3.52,1.14,1.51,4.58,4.98,1.21,1.18,2.6,3.1,1.04,2.46,2.13,1.01,0.93,4.29,4.61,1.05,4.69,5.12,3.42,3.19,1.77,1.8,1.64,1.44,0.0,0.0,0.76,0.78,1.03,0.83,2.06,1.8,1.36,1.17,0.86,1.2,1.23,0.92,0.38,0.47,0.32,0.39,0.31,0.21,0.0,0.0,1.13,1.46,1.77,1.95,1.16,1.23
2025-08-24 07:48:00,2.76,2.21,7.18,7.34,9.38,10.74,6.44,7.28,3.54,2.47,5.97,6.56,7.8,6.49,3.29,3.23,8.55,4.83,3.41,3.56,3.72,3.94,1.25,1.65,5.18,5.55,1.33,1.33,3.06,3.58,1.15,2.75,2.4,1.08,1.02,5.41,5.54,1.2,5.46,6.14,3.76,3.6,1.99,1.99,1.83,1.61,0.0,0.0,0.91,0.84,1.15,0.89,2.22,1.9,1.5,1.29,0.97,1.38,1.31,0.94,0.41,0.5,0.35,0.43,0.33,0.22,0.0,0.01,1.25,1.64,1.83,2.08,1.27,1.4
2025-08-24 07:51:00,2.38,2.05,6.71,6.84,8.93,9.72,5.85,6.74,3.33,2.4,5.4,6.23,7.34,6.01,3.03,3.21,7.94,4.32,3.33,3.57,2.87,3.08,1.25,1.65,4.72,5.55,1.14,1.28,2.97,4.17,1.03,2.94,2.23,0.9,0.67,3.52,4.79,1.46,4.57,5.08,3.68,2.98,1.68,1.79,1.52,1.44,0.0,0.0,0.45,0.43,1.29,1.03,2.18,1.81,1.69,1.37,1.09,1.54,1.14,0.76,0.38,0.23,0.29,0.19,0.29,0.33,0.0,0.01,1.36,1.8,2.13,2.19,1.06,1.35
2025-08-24 07:54:00,2.8,2.21,7.12,7.32,9.42,10.64,6.4,7.28,3.58,2.46,5.98,6.54,7.72,6.44,3.32,3.23,8.51,4.82,3.49,3.64,3.98,4.2,1.25,1.65,5.25,5.51,1.38,1.39,3.11,3.47,1.16,2.64,2.4,1.07,1.04,6.02,5.77,1.09,5.84,6.38,3.79,3.69,2.01,2.02,1.88,1.61,0.0,0.0,1.0,0.91,1.15,0.9,2.22,1.91,1.5,1.28,1.0,1.38,1.27,0.94,0.41,0.49,0.37,0.44,0.33,0.22,0.0,0.01,1.23,1.64,1.81,2.11,1.22,1.39
2025-08-24 07:57:00,9.98,8.09,14.26,14.4,19.47,20.6,10.19,12.75,6.36,3.39,10.48,10.22,13.13,11.21,7.02,6.83,17.01,8.65,7.66,7.11,8.71,8.75,1.88,2.53,11.71,16.05,3.54,3.43,9.16,11.07,2.56,7.27,5.24,1.79,2.21,18.6,20.76,2.07,17.25,18.41,11.1,10.01,4.85,4.58,4.16,3.9,0.0,0.0,2.21,2.01,1.99,1.5,3.46,2.92,2.87,2.3,1.85,3.13,2.88,1.83,0.72,0.88,0.67,0.79,0.71,0.43,0.01,0.01,2.64,3.09,2.84,3.1,2.37,2.31
2025-08-24 08:00:00,9.81,8.07,13.64,13.74,18.44,19.83,9.73,12.18,6.15,3.32,9.88,9.66,12.62,10.7,6.74,6.59,16.25,8.32,7.13,6.68,8.4,8.46,1.83,2.46,11.23,15.47,3.46,3.32,8.72,10.56,2.49,7.0,5.05,1.75,2.16,17.33,19.57,1.97,16.47,17.34,10.77,9.64,4.69,4.44,4.02,3.78,0.0,0.0,2.12,1.97,1.93,1.48,3.37,2.87,2.79,2.23,1.79,3.01,2.82,1.82,0.71,0.86,0.66,0.77,0.7,0.43,0.01,0.01,2.56,2.98,2.81,3.03,2.3,2.22
2025-08-24 08:03:00,9.84,8.07,13.79,13.9,18.7,20.01,9.84,12.32,6.2,3.33,10.03,9.81,12.75,10.82,6.81,6.66,16.43,8.4,7.27,6.8,8.45,8.51,1.84,2.48,11.34,15.63,3.47,3.35,8.83,10.72,2.5,7.08,5.09,1.76,2.16,17.56,19.84,2.0,16.63,17.57,10.86,9.71,4.73,4.47,4.05,3.81,0.0,0.0,2.13,1.97,1.95,1.49,3.39,2.88,2.81,2.25,1.81,3.04,2.84,1.82,0.71,0.86,0.66,0.77,0.7,0.43,0.01,0.01,2.58,3.01,2.82,3.05,2.31,2.24
2025-08-24 08:06:00,9.1,7.59,12.66,12.75,17.06,18.45,9.04,11.31,5.75,3.16,9.09,8.96,11.8,10.0,6.26,6.18,15.05,7.77,6.64,6.28,7.57,7.66,1.74,2.33,10.4,14.38,3.19,3.07,8.0,9.85,2.35,6.65,4.75,1.68,2.05,14.76,17.66,1.99,14.65,15.31,10.0,8.79,4.43,4.21,3.82,3.62,0.0,0.0,1.92,1.8,1.83,1.4,3.24,2.77,2.67,2.14,1.69,2.83,2.71,1.74,0.68,0.82,0.62,0.73,0.68,0.42,0.01,0.01,2.45,2.84,2.76,2.95,2.22,2.11
2025-08-24 08:09:00,9.21,7.6,12.59,12.73,17.12,18.33,9.0,11.32,5.8,3.15,9.11,8.95,11.71,9.94,6.32,6.19,15.0,7.76,6.77,6.38,7.96,8.04,1.74,2.32,10.52,14.34,3.27,3.15,8.11,9.65,2.37,6.48,4.76,1.67,2.08,16.03,18.23,1.87,15.43,15.77,10.08,8.98,4.47,4.24,3.89,3.62,0.0,0.0,2.04,1.89,1.83,1.41,3.23,2.79,2.66,2.12,1.72,2.84,2.66,1.74,0.68,0.81,0.64,0.74,0.68,0.42,0.01,0.01,2.43,2.84,2.73,2.98,2.17,2.11
2025-08-24 08:12:00,9.78,7.74,14.71,14.97,20.62,20.94,10.56,13.25,6.52,3.39,11.16,10.86,13.43,11.68,7.26,7.0,17.58,8.86,8.59,7.85,8.94,8.95,1.93,2.58,12.14,16.36,3.54,3.49,9.6,11.44,2.6,7.43,5.44,1.8,2.26,20.18,22.3,2.22,17.96,19.3,11.19,10.2,5.03,4.73,4.35,4.05,0.0,0.0,2.33,1.99,2.05,1.51,3.54,2.95,2.95,2.36,1.91,3.27,2.85,1.79,0.73,0.87,0.69,0.81,0.71,0.44,0.01,0.01,2.71,3.23,2.84,3.2,2.42,2.43
2025-08-24 08:15:00,6.76,6.04,14.25,14.53,18.24,20.64,10.27,12.54,5.46,3.57,10.18,10.63,13.83,12.24,6.32,6.15,16.53,7.96,6.7,6.62,5.85,5.97,2.04,2.54,10.13,14.75,3.18,3.45,8.01,11.81,2.21,7.71,4.57,1.56,1.35,7.23,12.55,2.83,11.17,14.15,9.53,7.44,3.71,3.43,3.03,3.45,0.0,0.0,0.89,1.0,2.03,1.51,3.95,2.73,3.46,2.87,1.59,2.93,4.04,1.31,0.47,0.65,0.53,0.6,0.89,0.59,0.01,0.02,2.64,2.54,3.2,3.24,2.38,2.51
2025-08-24 08:18:00,6.87,6.09,14.73,15.01,18.93,21.25,10.62,12.94,5.59,3.63,10.6,11.05,14.25,12.65,6.49,6.32,17.1,8.19,6.99,6.86,5.91,6.02,2.08,2.6,10.4,15.19,3.2,3.48,8.26,12.3,2.25,7.99,4.71,1.59,1.38,7.47,13.02,2.97,11.37,14.64,9.73,7.62,3.81,3.52,3.1,3.54,0.0,0.0,0.91,1.01,2.08,1.53,4.01,2.76,3.52,2.93,1.61,3.02,4.09,1.33,0.48,0.67,0.54,0.61,0.9,0.59,0.01,0.02,2.7,2.63,3.23,3.27,2.45,2.58
2025-08-24 08:21:00,9.67,7.81,15.12,15.2,20.35,21.86,11.04,13.59,6.59,3.58,11.3,11.11,14.08,11.94,7.22,7.03,18.05,9.11,7.66,7.13,8.7,8.77,1.95,2.66,11.95,16.26,3.53,3.43,9.23,11.48,2.56,7.46,5.31,1.82,2.14,18.49,20.16,2.12,17.04,19.2,11.09,10.09,4.76,4.5,4.01,3.8,0.0,0.0,2.13,1.97,2.07,1.56,3.55,2.93,2.92,2.35,1.87,3.19,2.94,1.84,0.73,0.89,0.66,0.78,0.7,0.42,0.01,0.01,2.66,3.14,2.86,3.07,2.41,2.38
2025-08-24 08:24:00,9.49,7.76,14.77,14.8,19.66,21.45,10.76,13.22,6.43,3.55,10.89,10.75,13.81,11.66,7.01,6.88,17.59,8.91,7.26,6.82,8.24,8.34,1.92,2.61,11.57,15.93,3.43,3.32,8.89,11.31,2.51,7.41,5.19,1.8,2.09,16.81,19.05,2.14,16.05,18.18,10.84,9.73,4.63,4.39,3.89,3.72,0.0,0.0,2.0,1.88,2.03,1.54,3.5,2.89,2.87,2.32,1.81,3.11,2.94,1.82,0.72,0.88,0.65,0.76,0.7,0.42,0.01,0.01,2.63,3.08,2.86,3.01,2.39,2.33
2025-08-24 08:27:00,11.03,8.73,18.33,18.33,24.52,26.34,13.39,16.35,7.63,4.07,13.89,13.55,16.9,14.31,8.48,8.18,21.93,10.78,8.83,8.11,10.14,10.17,2.19,3.04,14.03,19.31,4.05,3.94,11.01,14.05,2.87,8.77,6.08,2.0,2.3,23.29,23.99,2.3,20.44,24.57,12.93,11.99,5.28,4.96,4.32,4.14,0.0,0.0,2.38,2.19,2.36,1.76,3.93,3.14,3.27,2.64,2.08,3.66,3.32,2.0,0.8,0.98,0.71,0.83,0.75,0.44,0.01,0.01,2.98,3.53,3.05,3.22,2.67,2.69
2025-08-24 08:30:00,10.11,8.52,14.7,14.54,18.73,21.82,10.68,13.05,6.45,3.68,10.39,10.28,13.92,11.38,6.93,6.85,17.49,8.95,6.2,5.96,8.47,8.61,1.9,2.63,11.39,16.0,3.59,3.38,8.6,11.06,2.51,7.27,5.02,1.81,2.03,16.38,17.79,1.82,16.18,18.24,11.11,9.95,4.45,4.24,3.65,3.52,0.0,0.0,1.94,2.01,2.01,1.6,3.45,2.89,2.82,2.27,1.78,2.99,3.02,1.93,0.72,0.9,0.64,0.74,0.71,0.41,0.01,0.01,2.55,2.93,2.87,2.9,2.32,2.21
2025-08-24 08:33:00,10.41,8.58,16.04,15.94,20.81,23.51,11.68,14.26,6.88,3.83,11.65,11.48,15.05,12.47,7.49,7.34,19.12,9.62,7.11,6.72,9.01,9.11,2.01,2.79,12.33,17.21,3.75,3.58,9.46,12.2,2.64,7.86,5.41,1.88,2.13,18.5,19.85,2.02,17.55,20.38,11.76,10.65,4.75,4.5,3.89,3.75,0.0,0.0,2.08,2.06,2.14,1.66,3.63,2.98,2.99,2.41,1.89,3.24,3.15,1.95,0.75,0.93,0.66,0.77,0.73,0.43,0.01,0.01,2.72,3.15,2.95,3.01,2.45,2.39
2025-08-24 08:36:00,8.13,6.77,12.28,12.35,16.29,18.02,9.06,11.14,5.6,3.19,8.96,8.96,11.71,9.82,5.97,5.89,14.61,7.61,6.07,5.83,7.19,7.31,1.72,2.31,9.8,13.19,2.99,2.88,7.31,9.01,2.21,6.13,4.46,1.62,1.89,13.54,15.47,1.84,13.41,14.39,9.16,8.17,4.05,3.87,3.48,3.28,0.0,0.0,1.78,1.71,1.78,1.38,3.15,2.68,2.54,2.05,1.62,2.66,2.56,1.66,0.65,0.79,0.59,0.69,0.64,0.39,0.01,0.01,2.3,2.69,2.66,2.83,2.1,2.04
2025-08-24 08:39:00,8.02,6.76,11.97,11.99,15.7,17.68,8.82,10.81,5.46,3.16,8.62,8.64,11.47,9.56,5.79,5.75,14.23,7.44,5.73,5.54,6.85,6.99,1.68,2.26,9.5,12.9,2.91,2.78,7.02,8.81,2.16,6.06,4.35,1.61,1.86,12.43,14.68,1.84,12.69,13.65,8.96,7.91,3.95,3.78,3.38,3.21,0.0,0.0,1.68,1.66,1.74,1.35,3.11,2.65,2.49,2.02,1.56,2.58,2.56,1.66,0.64,0.8,0.58,0.68,0.64,0.39,0.01,0.01,2.26,2.62,2.64,2.77,2.1,1.99
2025-08-24 08:42:00,8.42,6.85,13.42,13.53,18.09,19.45,9.92,12.17,5.98,3.33,10.05,9.99,12.67,10.76,6.45,6.32,15.99,8.21,6.95,6.54,7.62,7.72,1.82,2.45,10.63,14.23,3.12,3.04,8.03,9.97,2.33,6.66,4.81,1.7,1.99,15.26,17.3,2.05,14.53,16.08,9.72,8.77,4.33,4.12,3.71,3.5,0.0,0.0,1.91,1.75,1.9,1.43,3.32,2.77,2.7,2.18,1.71,2.89,2.67,1.7,0.68,0.83,0.62,0.73,0.66,0.4,0.01,0.01,2.45,2.9,2.72,2.94,2.25,2.21
2025-08-24 08:45:00,8.79,7.24,13.11,13.19,17.52,19.14,9.59,11.84,5.91,3.3,9.61,9.52,12.36,10.41,6.38,6.25,15.62,8.06,6.61,6.26,7.78,7.88,1.79,2.41,10.53,14.23,3.2,3.08,7.97,9.76,2.34,6.55,4.75,1.69,2.01,15.41,17.26,1.91,14.81,15.96,9.86,8.87,4.33,4.12,3.71,3.49,0.0,0.0,1.94,1.83,1.87,1.43,3.28,2.77,2.66,2.14,1.7,2.83,2.69,1.74,0.68,0.83,0.62,0.73,0.67,0.4,0.01,0.01,2.42,2.84,2.72,2.92,2.21,2.15
2025-08-24 08:48:00,8.86,7.25,13.21,13.31,17.73,19.25,9.67,11.95,5.97,3.31,9.73,9.62,12.42,10.49,6.45,6.3,15.74,8.12,6.74,6.37,7.97,8.07,1.8,2.42,10.66,14.33,3.24,3.13,8.08,9.78,2.36,6.54,4.79,1.7,2.03,16.08,17.66,1.88,15.21,16.32,9.95,9.01,4.38,4.16,3.75,3.51,0.0,0.0,2.0,1.87,1.88,1.44,3.29,2.79,2.67,2.15,1.72,2.85,2.68,1.74,0.68,0.83,0.63,0.74,0.67,0.4,0.01,0.01,2.43,2.86,2.71,2.94,2.2,2.16
2025-08-24 08:51:00,8.93,7.34,13.43,13.46,17.87,19.63,9.83,12.07,6.0,3.34,9.85,9.74,12.64,10.64,6.46,6.36,16.0,8.25,6.67,6.3,7.69,7.8,1.8,2.44,10.67,14.51,3.17,3.04,8.04,10.03,2.36,6.77,4.84,1.74,2.06,15.38,17.5,2.02,14.65,16.13,9.97,8.98,4.42,4.19,3.76,3.55,0.0,0.0,1.95,1.84,1.88,1.43,3.3,2.79,2.66,2.15,1.69,2.87,2.73,1.78,0.7,0.87,0.62,0.75,0.67,0.39,0.01,0.01,2.46,2.89,2.73,2.9,2.29,2.18
2025-08-24 08:54:00,11.95,9.52,19.19,18.1,24.0,28.87,14.31,16.24,7.48,3.96,14.15,13.41,17.7,14.44,7.84,8.28,23.14,11.9,7.57,6.64,6.49,6.64,1.96,2.91,13.04,19.59,2.75,2.29,9.16,15.16,2.79,11.05,6.62,2.59,3.24,16.18,22.55,4.34,12.56,18.92,11.79,11.0,6.08,5.65,4.69,4.58,0.0,0.0,2.25,2.11,2.03,1.33,3.48,3.03,2.46,2.16,1.55,3.42,3.21,2.74,1.13,1.72,0.66,1.06,0.62,0.2,0.0,0.0,3.08,3.91,2.79,2.45,3.96,2.61
2025-08-24 08:57:00,9.22,7.52,17.17,15.98,20.07,26.59,13.79,14.95,6.79,4.02,12.76,12.55,16.85,13.18,6.69,7.13,20.69,10.99,5.35,4.94,5.48,5.72,1.83,2.79,10.81,15.43,2.3,1.86,6.92,11.75,2.36,8.88,5.46,2.39,2.66,11.9,15.02,3.44,9.54,15.33,9.35,8.98,4.72,4.47,3.56,3.48,0.0,0.0,1.77,1.87,1.84,1.27,3.16,2.75,2.09,1.88,1.32,2.79,2.82,2.54,1.03,1.62,0.56,0.92,0.53,0.13,0.0,0.0,2.56,3.3,2.52,2.1,3.44,2.27
